{
    "block_master_minicard_free": {
        "master-photo": {
            "src": "%=staticPrefix=%img/assets/master_minicard/6461.jpg",
            "alt": "alt"
        },
        "phone-btn": {
            "phone": "+7 960 835 06 46"
        },
        "tip": {
            "text": "Пожалуйста скажите мастеру что нашли его на нашем сайте"
        },
        "master-name": "Хархавкина Евгения",
        "service-list": [
            "Проектирование, производство и строительство домов, продажа участков",
            "Дачные дома, загородные дома, дома под ключ, дома и коттеджи."
        ]
    }
}