{
    "page_entry": {
        "head": {
            "title": "Вход/Регистрация. FaceMaster.ru."
        },
        "header": {
            "logo-url": "/main/main.html",
            "visitor": "12 456 посещений",
            "menu": [{
                "url": "/master_rubrikator/master_rubrikator.html",
                "title": "КАТАЛОГ УСЛУГ"
            }, {
                "url": "http://facemaster.ru/site/javascript:void(0)",
                "title": "ЗАКАЗАТЬ УСЛУГУ"
            }, {
                "url": "/reg-master/reg-master.html",
                "title": "СТАТЬ МАСТЕРОМ"
            }],
            "auth": false,
            "authData": {
                "name": "Администратор С.Н.",
                "homeUrl": "http://facemaster.ru/home",
                "menuUser": [{
                    "url": "http://facemaster.ru/office",
                    "title": "Офис"
                }, {
                    "url": "http://facemaster.ru/auth/logout",
                    "title": "Выход"
                }]
            },
            "authUrl": "/entry/entry.html",
            "social": {
                "list": [{
                    "url": "http://vk.com/fm_mf",
                    "mod": "vk"
                }, {
                    "url": "http://www.facebook.com/face.mast",
                    "mod": "fb"
                }, {
                    "url": "http://www.odnoklassniki.ru/facemaster",
                    "mod": "ok"
                }, {
                    "url": "http://twitter.com/FacemasterRu",
                    "mod": "tw"
                }]
            }
        },
        "footer": {
            "phone": "(8482) 74-44-19",
            "links": [{
                "url": "/oth_oferta/oth_oferta.html",
                "title": "Оферта"
            }, {
                "url": "/oth_contact/oth_contact.html",
                "title": "Контакты"
            }, {
                "url": "/oth_feedback/oth_feedback.html",
                "title": "Обратная связь"
            }],
            "counters": {
                "type": "гость",
                "login": "гость"
            }
        },
        "breadcrumps": {
            "links": [{
                "title": "Главная",
                "url": "/main/main.html"
            }, {
                "title": "Вход/Регистрация"
            }]
        },
        "entry": {
            "entry": {
                "method": "get",
                "action": "",
                "recovery-url": "/recovery-password/recovery-password.html"
            },
            "registration": {
                "method": "get",
                "action": "",
                "capcha": {
                    "img-url": "%=staticPrefix=%img/assets/recovery-password/captcha.png",
                    "reload-url": "/recovery-password/capcha.json"
                }
            }
        }
    }
}