{
    "block_master_page_recommendations": {
        "total": {
            "text": "Мастера рекомендуют",
            "count": "3 человека"
        },
        "recommendations": [{
            "url": "404",
            "src": "%=staticPrefix=%img/assets/master_minicard/6461.jpg"
        }, {
            "url": "404",
            "src": "%=staticPrefix=%img/assets/master_minicard/6461.jpg"
        }, {
            "url": "404",
            "src": "%=staticPrefix=%img/assets/master_minicard/6461.jpg"
        }]
    }
}