{
    "block_master_page_recommend": {
        "recommendations": {
            "total": {
                "text": "Мастера рекомендуют",
                "count": "3 человека"
            },
            "recommendations": [{
                "url": "404",
                "src": "%=staticPrefix=%img/assets/master_minicard/6461.jpg"
            }, {
                "url": "404",
                "src": "%=staticPrefix=%img/assets/master_minicard/6461.jpg"
            }, {
                "url": "404",
                "src": "%=staticPrefix=%img/assets/master_minicard/6461.jpg"
            }]
        },
        "comment": {
            "form": {
                "method": "get",
                "url": "/master_page/success.json"
            },
            "comments": [{
                "author": "Николай",
                "date": "05.11.2014",
                "time": "22:38",
                "text": "сперва заказал забор,нормально,потом лестницу,отлично.Мне понравилось"
            }, {
                "author": "Николай",
                "date": "05.11.2014",
                "time": "22:38",
                "text": "сперва заказал забор,нормально,потом лестницу,отлично.Мне понравилось"
            }, {
                "author": "Николай",
                "date": "05.11.2014",
                "time": "22:38",
                "text": "сперва заказал забор,нормально,потом лестницу,отлично.Мне понравилось"
            }]
        },
        "social-links": {
            "src": "%=staticPrefix=%img/assets/master_page/5616.jpg",
            "fio": "Камельчукова Оксана Васильевна"
        }
    }
}