{
    "page_video_rubrika": {
        "head": {
            "title": "Каталог видео Мастеров. FaceMaster.ru."
        },
        "header": {
            "logo-url": "/main/main.html",
            "visitor": "12 456 посещений",
            "menu": [{
                "url": "/master_rubrikator/master_rubrikator.html",
                "title": "КАТАЛОГ УСЛУГ"
            }, {
                "url": "http://facemaster.ru/site/javascript:void(0)",
                "title": "ЗАКАЗАТЬ УСЛУГУ"
            }, {
                "url": "/reg-master/reg-master.html",
                "title": "СТАТЬ МАСТЕРОМ"
            }],
            "auth": false,
            "authData": {
                "name": "Администратор С.Н.",
                "homeUrl": "http://facemaster.ru/home",
                "menuUser": [{
                    "url": "http://facemaster.ru/office",
                    "title": "Офис"
                }, {
                    "url": "http://facemaster.ru/auth/logout",
                    "title": "Выход"
                }]
            },
            "authUrl": "/entry/entry.html",
            "social": {
                "list": [{
                    "url": "http://vk.com/fm_mf",
                    "mod": "vk"
                }, {
                    "url": "http://www.facebook.com/face.mast",
                    "mod": "fb"
                }, {
                    "url": "http://www.odnoklassniki.ru/facemaster",
                    "mod": "ok"
                }, {
                    "url": "http://twitter.com/FacemasterRu",
                    "mod": "tw"
                }]
            }
        },
        "footer": {
            "phone": "(8482) 74-44-19",
            "links": [{
                "url": "/oth_oferta/oth_oferta.html",
                "title": "Оферта"
            }, {
                "url": "/oth_contact/oth_contact.html",
                "title": "Контакты"
            }, {
                "url": "/oth_feedback/oth_feedback.html",
                "title": "Обратная связь"
            }],
            "counters": {
                "type": "гость",
                "login": "гость"
            }
        },
        "breadcrumps": {
            "links": [{
                "title": "Каталог видео Мастеров"
            }]
        },
        "title": "Каталог видео Мастеров",
        "video": {
            "list": [{
                "src": "%=staticPrefix=%img/assets/video/maxresdefault.jpg",
                "title": "Как рассчитать бюджет ремонта квартиры",
                "intro": "Период летних отпусков многие используют для проведения косметического (и не очень) ремонта в квартирах и на дачах. Обычно речь идет о замене плитки и сантехники, переклейке обоев и покраске, замене электропроводки, установке пластиковых окон и т.д. К сожалению, цены на строительные и отделочные материалы растут гораздо быстрее инфляции. ",
                "date": "26 Мая 2015",
                "rubrika": "Строительство",
                "master": {
                    "name": "Низамутдинова Маргарита Константиновна",
                    "photo": "%=staticPrefix=%img/assets/video/7098.jpg",
                    "url": "/master_page/master_page.html"
                }
            }, {
                "src": "%=staticPrefix=%img/assets/video/maxresdefault.jpg",
                "title": "Прочистка канализации в частном доме: практические советы и рекомендации",
                "intro": "Период asdkfоительные и отделочные материалы растут гораздо быстрее инфляции. ",
                "date": "26 Мая 2015",
                "rubrika": "Строительство",
                "master": {
                    "name": "Иванова Маргарита",
                    "photo": "%=staticPrefix=%img/assets/video/7098.jpg",
                    "url": "/master_page/master_page.html"
                }
            }, {
                "src": "%=staticPrefix=%img/assets/video/maxresdefault.jpg",
                "title": "12 МАРТА 2015. НАЛОГОПЛАТЕЛЬЩИК НА УСН ВПРАВЕ ПРИМЕНЯТЬ НАИМЕНЬШУЮ СТАВКУ, УСТАНОВЛЕННУЮ В СУБЪЕКТЕ РФ",
                "intro": "Период летних отпусков многие используют для проведения косметического (и не очень) ремонта в квартирах и на дачах. Обычно речь идет о замене плитки и сантехники, переклейке обоев и покраске, замене электропроводки, установке пластиковых окон и т.д. К сожалению, цены на строительные и отделочные материалы растут гораздо быстрее инфляции. ",
                "date": "26 Мая 2015",
                "rubrika": "Строительство",
                "master": {
                    "name": "Иванова Маргарита",
                    "photo": "%=staticPrefix=%img/assets/video/7098.jpg",
                    "url": "/master_page/master_page.html"
                }
            }]
        },
        "rubrikator": {
            "rubrikator": [{
                "is-active": true,
                "url": "/secret_rubrika/secret_rubrika.html",
                "title": "Все"
            }, {
                "url": "/secret_rubrika/secret_rubrika.html",
                "title": "Автоуслуги"
            }, {
                "url": "/secret_rubrika/secret_rubrika.html",
                "title": "Врачи"
            }, {
                "url": "/secret_rubrika/secret_rubrika.html",
                "title": "Доставка"
            }, {
                "url": "/secret_rubrika/secret_rubrika.html",
                "title": "Другие услуги"
            }, {
                "url": "/secret_rubrika/secret_rubrika.html",
                "title": "Интерьер"
            }, {
                "url": "/secret_rubrika/secret_rubrika.html",
                "title": "Красота"
            }, {
                "url": "/secret_rubrika/secret_rubrika.html",
                "title": "Курсы"
            }, {
                "url": "/secret_rubrika/secret_rubrika.html",
                "title": "Недвижимость"
            }, {
                "url": "/secret_rubrika/secret_rubrika.html",
                "title": "Одежда и обувь"
            }, {
                "url": "/secret_rubrika/secret_rubrika.html",
                "title": "Оздоровительные услуги"
            }, {
                "url": "/secret_rubrika/secret_rubrika.html",
                "title": "Окна, балконы, двери, потолки"
            }, {
                "url": "/secret_rubrika/secret_rubrika.html",
                "title": "Организация праздников"
            }, {
                "url": "/secret_rubrika/secret_rubrika.html",
                "title": "Отдых"
            }, {
                "url": "/secret_rubrika/secret_rubrika.html",
                "title": "Персональные консультации"
            }, {
                "url": "/secret_rubrika/secret_rubrika.html",
                "title": "Ремонт квартир, домов"
            }, {
                "url": "/secret_rubrika/secret_rubrika.html",
                "title": "Рестораны, кафе, бары"
            }, {
                "url": "/secret_rubrika/secret_rubrika.html",
                "title": "Ритуальные услуги"
            }, {
                "url": "/secret_rubrika/secret_rubrika.html",
                "title": "Спорт"
            }, {
                "url": "/secret_rubrika/secret_rubrika.html",
                "title": "Строительство"
            }, {
                "url": "/secret_rubrika/secret_rubrika.html",
                "title": "Туризм"
            }, {
                "url": "/secret_rubrika/secret_rubrika.html",
                "title": "Услуги для бизнеса"
            }, {
                "url": "/secret_rubrika/secret_rubrika.html",
                "title": "Установка и ремонт техники"
            }]
        },
        "paginator": {
            "is-paginator": true,
            "start": {
                "url": "#"
            },
            "end": {
                "url": "#"
            },
            "list": [{
                "is-selected": true,
                "url": "#",
                "number": "1"
            }, {
                "url": "#",
                "number": "2"
            }, {
                "url": "#",
                "number": "3"
            }, {
                "url": "#",
                "number": "4"
            }, {
                "url": "#",
                "number": "5"
            }]
        }
    }
}