{
    "block_filter": {
        "filter-section": [{
            "url": "",
            "section-name": "masters",
            "title": "Мастера",
            "open-section": {
                "is-sort": true,
                "sort-by": {
                    "url": "/master_rubrika/master_rubrika.html",
                    "method": "get"
                },
                "is-filter": true,
                "tags-free": {
                    "tags": [{
                        "url": "/master_rubrika/master_rubrika.html",
                        "title": "Алмазная резка"
                    }, {
                        "url-back": "/master_rubrika/master_rubrika.html",
                        "title": "Брусчатка",
                        "is-active": true
                    }, {
                        "url": "/master_rubrika/master_rubrika.html",
                        "title": "Бурение скважин"
                    }, {
                        "url": "/master_rubrika/master_rubrika.html",
                        "title": "Герметизация швов"
                    }, {
                        "url": "/master_rubrika/master_rubrika.html",
                        "title": "Заливка фундамента"
                    }]
                },
                "tags-group": [{
                    "title": "Дома дачи:",
                    "list": {
                        "tags": [{
                            "url": "/master_rubrika/master_rubrika.html",
                            "title": "Алмазная резка"
                        }, {
                            "url-back": "/master_rubrika/master_rubrika.html",
                            "title": "Брусчатка",
                            "is-active": true
                        }, {
                            "url": "/master_rubrika/master_rubrika.html",
                            "title": "Бурение скважин"
                        }, {
                            "url": "/master_rubrika/master_rubrika.html",
                            "title": "Герметизация швов"
                        }, {
                            "url": "/master_rubrika/master_rubrika.html",
                            "title": "Заливка фундамента"
                        }]
                    }
                }, {
                    "title": "Кровля:",
                    "list": {
                        "tags": [{
                            "url": "/master_rubrika/master_rubrika.html",
                            "title": "Алмазная резка"
                        }, {
                            "url-back": "/master_rubrika/master_rubrika.html",
                            "title": "Брусчатка",
                            "is-active": true
                        }, {
                            "url": "/master_rubrika/master_rubrika.html",
                            "title": "Бурение скважин"
                        }, {
                            "url": "/master_rubrika/master_rubrika.html",
                            "title": "Герметизация швов"
                        }, {
                            "url": "/master_rubrika/master_rubrika.html",
                            "title": "Заливка фундамента"
                        }]
                    }
                }]
            }
        }, {
            "url": "/master_rubrika_video/master_rubrika_video.html",
            "section-name": "video",
            "title": "Видео Мастеров"
        }, {
            "url": "/master_rubrika_sales/master_rubrika_sales.html",
            "section-name": "sales",
            "title": "Скидки Мастеров"
        }, {
            "url": "/master_rubrika_secret/master_rubrika_secret.html",
            "section-name": "secrets",
            "title": "Секреты Мастеров"
        }]
    }
}