{
  "success": false,
  "object": "feedback",
  "fields": {
    "name": "Поле обязательно для заполнения",
    "e-mail": "Поле обязательно для заполнения",
    "text": "Поле обязательно для заполнения"
  },
  "errorSummary": "<p>Необходимо исправить следующие ошибки:</p><ul><li>Поле обязательно для заполнения</li><li>Поле обязательно для заполнения</li></ul>"
}