{
    "block_sale_rubrikator": {
        "sale_rubrika_list": [{
            "name": "Ремонт, строительство, интерьер",
            "color": "#35b45b",
            "count": "60",
            "url": "/sale_rubrika/sale_rubrika.html",
            "sale-list": [{
                "modificator": "vertical",
                "url": "404",
                "title": "ПОДАРОК",
                "pic": "%=staticPrefix=%img/assets/sale/52f16e1697817.jpg",
                "text": "При заказе балкона под ключ-жалюзи в подарок и много лыбок"
            }, {
                "modificator": "vertical",
                "url": "404",
                "title": "ПОДАРОК",
                "pic": "%=staticPrefix=%img/assets/sale/52f16e1697817.jpg",
                "text": "При заказе балкона под ключ-жалюзи в подарок и много лыбок"
            }, {
                "modificator": "vertical",
                "url": "404",
                "title": "ПОДАРОК",
                "pic": "%=staticPrefix=%img/assets/sale/52f16e1697817.jpg",
                "text": "При заказе балкона под ключ-жалюзи в подарок и много лыбок"
            }, {
                "modificator": "vertical",
                "url": "404",
                "title": "ПОДАРОК",
                "pic": "%=staticPrefix=%img/assets/sale/52f16e1697817.jpg",
                "text": "При заказе балкона под ключ-жалюзи в подарок и много лыбок"
            }],
            "podrubriks": {
                "rubrikator": [{
                    "url": "/sale_rubrika/sale_rubrika.html",
                    "title": "Строительство",
                    "count": "5"
                }, {
                    "url": "/secret_rubrika/secret_rubrika.html",
                    "title": "Интерьер",
                    "count": "11"
                }, {
                    "url": "/secret_rubrika/secret_rubrika.html",
                    "title": "Ремонт квартир, домов",
                    "count": "36"
                }, {
                    "url": "/secret_rubrika/secret_rubrika.html",
                    "title": "Окна, двери, потолки, балконы",
                    "count": "8"
                }]
            }
        }, {
            "name": "Здоровье, красота, мода",
            "color": "#b80000",
            "count": "18",
            "url": "/sale_rubrika/sale_rubrika.html",
            "sale-list": [{
                "modificator": "vertical",
                "url": "404",
                "title": "ПОДАРОК",
                "pic": "%=staticPrefix=%img/assets/sale/52f16e1697817.jpg",
                "text": "При заказе балкона под ключ-жалюзи в подарок и много лыбок"
            }, {
                "modificator": "vertical",
                "url": "404",
                "title": "ПОДАРОК",
                "pic": "%=staticPrefix=%img/assets/sale/52f16e1697817.jpg",
                "text": "При заказе балкона под ключ-жалюзи в подарок и много лыбок"
            }, {
                "modificator": "vertical",
                "url": "404",
                "title": "ПОДАРОК",
                "pic": "%=staticPrefix=%img/assets/sale/52f16e1697817.jpg",
                "text": "При заказе балкона под ключ-жалюзи в подарок и много лыбок"
            }, {
                "modificator": "vertical",
                "url": "404",
                "title": "ПОДАРОК",
                "pic": "%=staticPrefix=%img/assets/sale/52f16e1697817.jpg",
                "text": "При заказе балкона под ключ-жалюзи в подарок и много лыбок"
            }],
            "podrubriks": {
                "rubrikator": [{
                    "url": "/sale_rubrika/sale_rubrika.html",
                    "title": "Оздровительные услуги",
                    "count": "5"
                }, {
                    "url": "/secret_rubrika/secret_rubrika.html",
                    "title": "Красота",
                    "count": "11"
                }, {
                    "url": "/secret_rubrika/secret_rubrika.html",
                    "title": "Одежда и обувь",
                    "count": "36"
                }, {
                    "url": "/secret_rubrika/secret_rubrika.html",
                    "title": "Врачи",
                    "count": "8"
                }]
            }
        }]
    }
}