{
    "block_master_minicard_free": {
        "master-photo": {
            "src": "%=staticPrefix=%img/assets/master_minicard/6461.jpg",
            "alt": "alt"
        },
        "master-phone": "+7 960 835 06 46",
        "master-name": "Хархавкина Евгения",
        "service-list": [
            "Проектирование, производство и строительство домов, продажа участков",
            "Дачные дома, загородные дома, дома под ключ, дома и коттеджи."
        ]
    }
}
