{
    "block_master_page_about": {
        "info": [{
            "header": "Опыт работы:",
            "text": " с 1995 года"
        }, {
            "header": "Образование:",
            "text": " с 1995 года"
        }, {
            "header": "Дополнительная информация:",
            "text": "Работаем с другими<br> городами: Самара, Сызрань, Саратов, Нижний Новгород, Димитровград"
        }]
    }
}