{
    "block_main_dopFunction": {
        "menuMaster": [
            {
                "url": "/reg-master/reg-master.html",
                "title": "Стать Мастером",
                "icon": true
            },
            {
                "url": "/oth_recommendation/oth_recommendation.html",
                "title": "Мастера о сайте"
            }
        ],
        "menuAbout": [
            {
                "url": "/oth_news/oth_news.html",
                "title": "Новости"
            },
            {
                "url": "/404",
                "title": "Вакансии"
            }
        ],
        "menuBayda": [
            {
                "url": "/404",
                "title": "Конкурсы газеты Презент"
            },
            {
                "url": "/404",
                "title": "Маршрутки Тольятти с 01.01.2015"
            },
            {
                "url": "/404",
                "title": "Дачные перевозки"
            },
            {
                "empty": true
            }
        ]
    }
}