{
    "block_oth_recommendation": {
        "recommendation": [
            {
                "src": "%=staticPrefix=%img/assets/other/3780.jpg",
                "title": "Об опыте сотрудничества с FaceMaster рассказывает автоинструктор Андреянова Светлана:",
                "intro": "«Зарегистрирована на FaceMaster больше года. Кто-то однажды мне рассказал о нём по телефону. Подумала, что реклама лишней никогда не бывает, да и цена более чем демократичная. Страницей пользоваться достаточно удобно, всё сделано в доступной форме. Много времени на неё не требуется, что тоже очень важно для и без того загруженного графика делового человека. Можно один раз оформить – и дальше страница сама на тебя работает, привлекает клиентов. Люди звонят время от времени, говорят, что нашли на FaceMaster, прочитали отзывы, статьи, видели мои фотографии. Так что я результатом довольна». перейти на страницу Мастера      ",
                "date": "26 Мая 2015"
            },
            {
                "src": "%=staticPrefix=%img/assets/other/3780.jpg",
                "title": "Об опыте сотрудничества с FaceMaster рассказывает специалист по изготовлению мебели Кузнецов Вадим:",
                "intro": "«Зарегистрирована на FaceMaster больше года. Кто-то однажды мне рассказал о нём по телефону. Подумала, что реклама лишней никогда не бывает, да и цена более чем демократичная. Страницей пользоваться достаточно удобно, всё сделано в доступной форме. Много времени на неё не требуется, что тоже очень важно для и без того загруженного графика делового человека. Можно один раз оформить – и дальше страница сама на тебя работает, привлекает клиентов. Люди звонят время от времени, говорят, что нашли на FaceMaster, прочитали отзывы, статьи, видели мои фотографии. Так что я результатом довольна». перейти на страницу Мастера      ",
                "date": "26 Мая 2015"
            },
            {
                "src": "%=staticPrefix=%img/assets/other/3780.jpg",
                "title": "Об опыте сотрудничества с FaceMaster рассказывает специалист по ремонту и сборке мебели Cвирякин Сергей:",
                "intro": "«Зарегистрирована на FaceMaster больше года. Кто-то однажды мне рассказал о нём по телефону. Подумала, что реклама лишней никогда не бывает, да и цена более чем демократичная. Страницей пользоваться достаточно удобно, всё сделано в доступной форме. Много времени на неё не требуется, что тоже очень важно для и без того загруженного графика делового человека. Можно один раз оформить – и дальше страница сама на тебя работает, привлекает клиентов. Люди звонят время от времени, говорят, что нашли на FaceMaster, прочитали отзывы, статьи, видели мои фотографии. Так что я результатом довольна». перейти на страницу Мастера      ",
                "date": "26 Мая 2015"
            }
        ]
    }
}
