{
    "block_footer": {
        "phone" : "(8482) 74-44-19",
        "links": [
            {
                "url": "/oth_oferta/oferta.html",
                "title": "Оферта" 
            },
            {
                "url": "/404",
                "title": "Обратная ссылка"
            },
            {
                "url": "/oth_contact/contact.html",
                "title": "Контакты"
            },
            {
                "url": "/oth_feedback/feedback.html",
                "title": "Обратная связь"
            }
        ]
    }
}