{
    "block_one_level_rubrikator": {
        "rubrikator": [{
            "is-active": true,
            "url": "/secret_rubrika/secret_rubrika.html",
            "title": "Все"
        }, {
            "url": "/secret_rubrika/secret_rubrika.html",
            "title": "Автоуслуги"
        }, {
            "url": "/secret_rubrika/secret_rubrika.html",
            "title": "Врачи"
        }, {
            "url": "/secret_rubrika/secret_rubrika.html",
            "title": "Доставка"
        }, {
            "url": "/secret_rubrika/secret_rubrika.html",
            "title": "Другие услуги"
        }, {
            "url": "/secret_rubrika/secret_rubrika.html",
            "title": "Интерьер"
        }, {
            "url": "/secret_rubrika/secret_rubrika.html",
            "title": "Красота"
        }, {
            "url": "/secret_rubrika/secret_rubrika.html",
            "title": "Курсы"
        }, {
            "url": "/secret_rubrika/secret_rubrika.html",
            "title": "Недвижимость"
        }, {
            "url": "/secret_rubrika/secret_rubrika.html",
            "title": "Одежда и обувь"
        }, {
            "url": "/secret_rubrika/secret_rubrika.html",
            "title": "Оздоровительные услуги"
        }, {
            "url": "/secret_rubrika/secret_rubrika.html",
            "title": "Окна, балконы, двери, потолки"
        }, {
            "url": "/secret_rubrika/secret_rubrika.html",
            "title": "Организация праздников"
        }, {
            "url": "/secret_rubrika/secret_rubrika.html",
            "title": "Отдых"
        }, {
            "url": "/secret_rubrika/secret_rubrika.html",
            "title": "Персональные консультации"
        }, {
            "url": "/secret_rubrika/secret_rubrika.html",
            "title": "Ремонт квартир, домов"
        }, {
            "url": "/secret_rubrika/secret_rubrika.html",
            "title": "Рестораны, кафе, бары"
        }, {
            "url": "/secret_rubrika/secret_rubrika.html",
            "title": "Ритуальные услуги"
        }, {
            "url": "/secret_rubrika/secret_rubrika.html",
            "title": "Спорт"
        }, {
            "url": "/secret_rubrika/secret_rubrika.html",
            "title": "Строительство"
        }, {
            "url": "/secret_rubrika/secret_rubrika.html",
            "title": "Туризм"
        }, {
            "url": "/secret_rubrika/secret_rubrika.html",
            "title": "Услуги для бизнеса"
        }, {
            "url": "/secret_rubrika/secret_rubrika.html",
            "title": "Установка и ремонт техники"
        }]
    },
    "paginator": "readyBlocksData.paginator"
}