{
    "block_article_recommended": {
        "articles": [{
            "title": "Как заказать мебель у нас?!",
            "url": "404"
        }, {
            "title": "Почему выгодно заказывать мебель по индивидуальному проекту?",
            "url": "404"
        }, {
            "title": "Выбирая современный шкаф, можно осуществить любые свои фантазии в жизнь.",
            "url": "404"
        }]
    }
}