{
    "block_filter_tags": {
        "tags": [
            {
                "url": "/master_rubrika/master_rubrika.html",
                "title": "Алмазная резка"
            },
            {
                "url-back": "/master_rubrika/master_rubrika.html",
                "title": "Брусчатка",
                "is-active": true
            },
            {
                "url": "/master_rubrika/master_rubrika.html",
                "title": "Бурение скважин"
            },
            {
                "url": "/master_rubrika/master_rubrika.html",
                "title": "Герметизация швов"
            },
            {
                "url": "/master_rubrika/master_rubrika.html",
                "title": "Заливка фундамента"
            }
        ]
    }
}