{
    "block_master_page_services": {
        "list": [{
            "name": "Емкости из нержавейки и под заказ"
        }, {
            "name": "Металлические ворота,ставни"
        }, {
            "name": "Калитки, решетки, урны,контейнера ТБО."
        }, {
            "name": "Сварка \"аргоновая\"(алюминия,нержавейки)"
        }, {
            "name": "Заборы из профнастила и штакетника"
        }, {
            "is-separator": true,
            "name": "Изготовление навесов и козырьков"
        }, {
            "name": "Печи банные,также и по эскизам заказчиков"
        }, {
            "name": "Нестандартные металлоизделия по чертежам заказчиков"
        }],
        "list-rubriks": [{
            "name": "Строительство",
            "link": "/master_page/master_page.html"
        }]
    }
}