{
    "page_master_page": {
        "head": {
            "title": "Шевчик Егор Владимирович - FaceMaster.ru."
        },
        "header": {
            "logo-url": "/main/main.html",
            "visitor": "12 456 посещений",
            "menu": [{
                "url": "/master_rubrikator/master_rubrikator.html",
                "title": "КАТАЛОГ УСЛУГ"
            }, {
                "url": "http://facemaster.ru/site/javascript:void(0)",
                "title": "ЗАКАЗАТЬ УСЛУГУ"
            }, {
                "url": "/reg-master/reg-master.html",
                "title": "СТАТЬ МАСТЕРОМ"
            }],
            "auth": false,
            "authData": {
                "name": "Администратор С.Н.",
                "homeUrl": "http://facemaster.ru/home",
                "menuUser": [{
                    "url": "http://facemaster.ru/office",
                    "title": "Офис"
                }, {
                    "url": "http://facemaster.ru/auth/logout",
                    "title": "Выход"
                }]
            },
            "authUrl": "http://facemaster.ru/auth",
            "social": {
                "list": [{
                    "url": "http://vk.com/fm_mf",
                    "mod": "vk"
                }, {
                    "url": "http://www.facebook.com/face.mast",
                    "mod": "fb"
                }, {
                    "url": "http://www.odnoklassniki.ru/facemaster",
                    "mod": "ok"
                }, {
                    "url": "http://twitter.com/FacemasterRu",
                    "mod": "tw"
                }]
            }
        },
        "footer": {
            "phone": "(8482) 74-44-19",
            "links": [{
                "url": "/oth_oferta/oferta.html",
                "title": "Оферта"
            }, {
                "url": "/oth_contact/contact.html",
                "title": "Контакты"
            }, {
                "url": "/oth_feedback/feedback.html",
                "title": "Обратная связь"
            }]
        },
        "breadcrumps": {
            "links": [{
                "title": "Каталог услуг",
                "url": "/master_rubrikator/master_rubrikator.html"
            }, {
                "title": "Строительство",
                "url": "404",
                "links": [{
                    "title": "Бани",
                    "url": "/master_rubrika/master_rubrika.html"
                }, {
                    "title": "Бассейны",
                    "url": "/master_rubrika/master_rubrika.html"
                }, {
                    "title": "Печи и камины",
                    "url": "/master_rubrika/master_rubrika.html"
                }, {
                    "title": "Проектирование",
                    "url": "/master_rubrika/master_rubrika.html"
                }]
            }, {
                "title": "Строительство",
                "url": "/master_rubrika/master_rubrika.html"
            }, {
                "title": "Шевчик Егор Владимирович"
            }]
        },
        "navigation": {
            "prev": {
                "url": "/master_page/master_page.html",
                "name": "Кузменко Владимир Петрович",
                "src": ""
            },
            "next": {
                "url": "/master_page/master_page.html",
                "name": "Кузменко Владимир Петрович",
                "src": ""
            }
        },
        "master": {
            "card": {
                "src": "%=staticPrefix=%img/assets/master_page/5616.jpg",
                "fio": "Камельчукова Оксана Васильевна",
                "spec": "Аквагрим,мехенди,тату хной,роспись по ткани(акрил,батик),ремесленные работы",
                "company": {
                    "logo": "%=staticPrefix=%img/assets/master_minicard/1022.png",
                    "name": "Компания Новая"
                },
                "number": "5616",
                "url-printCard": "404"
            },
            "contacts": {
                "phone": "+7 876 862-16-13",
                "email": "gosha-ttt-ashfhfg@mail.ru",
                "adress": "Ботаническая 38",
                "url-zakaz": "404",
                "url-adress": "404"
            },
            "menu": {
                "list": [{
                    "position": "servicesPosition",
                    "name": "Услуги",
                    "exist": true,
                    "active": true
                }, {
                    "position": "workPosition",
                    "name": "Условия работы",
                    "exist": true
                }, {
                    "position": "salePosition",
                    "name": "Скидки и подарки",
                    "exist": false
                }, {
                    "position": "aboutPosition",
                    "name": "О себе",
                    "exist": true
                }, {
                    "position": "secretPosition",
                    "name": "Полезно почитать",
                    "exist": true
                }, {
                    "position": "photoPosition",
                    "name": "Фото",
                    "exist": true
                }, {
                    "position": "videoPosition",
                    "name": "Видео",
                    "exist": false
                }, {
                    "position": "linkPosition",
                    "name": "Ссылки",
                    "exist": true
                }, {
                    "position": "recommendPosition",
                    "name": "Отзывы и рекомендации",
                    "exist": true
                }]
            },
            "services": {
                "list": [{
                    "name": "Емкости из нержавейки и под заказ"
                }, {
                    "name": "Металлические ворота,ставни"
                }, {
                    "name": "Калитки, решетки, урны,контейнера ТБО."
                }, {
                    "name": "Сварка \"аргоновая\"(алюминия,нержавейки)"
                }, {
                    "name": "Заборы из профнастила и штакетника"
                }, {
                    "is-separator": true,
                    "name": "Изготовление навесов и козырьков"
                }, {
                    "name": "Печи банные,также и по эскизам заказчиков"
                }, {
                    "name": "Нестандартные металлоизделия по чертежам заказчиков"
                }],
                "list-rubriks": [{
                    "name": "Строительство",
                    "link": "/master_page/master_page.html"
                }]
            },
            "work": {
                "week": [{
                    "is-active": true,
                    "day": "пн",
                    "time-start": "09:00",
                    "time-end": "18:00"
                }, {
                    "day": "вт",
                    "time-start": "09:00",
                    "time-end": "18:00"
                }, {
                    "day": "ср",
                    "time-start": "09:00",
                    "time-end": "18:00"
                }, {
                    "day": "чт",
                    "time-start": "09:00",
                    "time-end": "18:00"
                }, {
                    "day": "пт",
                    "time-start": "09:00",
                    "time-end": "18:00"
                }, {
                    "day": "сб",
                    "time-start": "10:00",
                    "time-end": "15:00"
                }, {
                    "day": "вс"
                }],
                "info": [{
                    "text": "Бесплатно по городу, выезд за город платно"
                }, {
                    "header": "Районы обслуживания:",
                    "text": "все районы города, весь пригород."
                }, {
                    "header": "Условия оплаты:",
                    "text": "предоплата, по факту выполненных работ."
                }, {
                    "header": "Cпособы оплаты:",
                    "text": "наличный, безналичный, оплата через электронные платежные системы, оплата по кредитной/дебетовой карте, оплата через терминалы, банковский перевод, предоставление рассрочки "
                }]
            },
            "sale": {
                "sale-list": [{
                    "modificator": "gorizontal",
                    "url": "404",
                    "title": "ПОДАРОК",
                    "pic": "%=staticPrefix=%img/assets/sale/52f16e1697817.jpg",
                    "text": "При заказе балкона под ключ-жалюзи в подарок и много лыбок"
                }, {
                    "modificator": "gorizontal",
                    "url": "404",
                    "title": "-1000 рублей",
                    "pic": "%=staticPrefix=%img/assets/sale/52f16e1697817.jpg",
                    "text": "При заказе балкона под ключ-жалюзи в подарок и много лыбок"
                }]
            },
            "about": {
                "info": [{
                    "header": "Опыт работы:",
                    "text": " с 1995 года"
                }, {
                    "header": "Образование:",
                    "text": " с 1995 года"
                }, {
                    "header": "Дополнительная информация:",
                    "text": "Работаем с другими<br> городами: Самара, Сызрань, Саратов, Нижний Новгород, Димитровград"
                }]
            },
            "secret": {
                "secret-list": [{
                    "url": "404",
                    "title": "Чистка истории в браузерах",
                    "pic": "%=staticPrefix=%img/assets/sale/52f16e1697817.jpg"
                }, {
                    "url": "404",
                    "title": "Чистка истории в браузерах и даже в корне дерева",
                    "pic": "%=staticPrefix=%img/assets/sale/52f16e1697817.jpg"
                }]
            },
            "video": {
                "video-list": [{
                    "url": "404",
                    "pic": "%=staticPrefix=%img/assets/sale/52f16e1697817.jpg"
                }, {
                    "url": "404",
                    "pic": "%=staticPrefix=%img/assets/sale/52f16e1697817.jpg"
                }]
            },
            "links": {
                "links-list": [{
                    "url": "http://vk.com/id1342347",
                    "type": "vk"
                }, {
                    "url": "http://ok.com/id1342347",
                    "type": "ok"
                }, {
                    "url": "http://my-site.ru",
                    "type": "site"
                }]
            }
        }
    }
}