{
    "page_recovery-password": {
        "head": {
            "title": "Восстановление пароля - FaceMaster.ru. Специалисты Тольятти"
        },
        "header": {
            "logo-url": "/main/main.html",
            "visitor": "12 456 посещений",
            "menu": [{
                "url": "/master_rubrikator/master_rubrikator.html",
                "title": "КАТАЛОГ УСЛУГ"
            }, {
                "url": "http://facemaster.ru/site/javascript:void(0)",
                "title": "ЗАКАЗАТЬ УСЛУГУ"
            }, {
                "url": "/reg-master/reg-master.html",
                "title": "СТАТЬ МАСТЕРОМ"
            }],
            "auth": false,
            "authData": {
                "name": "Администратор С.Н.",
                "homeUrl": "http://facemaster.ru/home",
                "menuUser": [{
                    "url": "http://facemaster.ru/office",
                    "title": "Офис"
                }, {
                    "url": "http://facemaster.ru/auth/logout",
                    "title": "Выход"
                }]
            },
            "authUrl": "http://facemaster.ru/auth",
            "social": {
                "list": [{
                    "url": "http://vk.com/fm_mf",
                    "mod": "vk"
                }, {
                    "url": "http://www.facebook.com/face.mast",
                    "mod": "fb"
                }, {
                    "url": "http://www.odnoklassniki.ru/facemaster",
                    "mod": "ok"
                }, {
                    "url": "http://twitter.com/FacemasterRu",
                    "mod": "tw"
                }]
            }
        },
        "footer": {
            "phone": "(8482) 74-44-19",
            "links": [{
                "url": "/oth_oferta/oferta.html",
                "title": "Оферта"
            }, {
                "url": "/404",
                "title": "Обратная ссылка"
            }, {
                "url": "/oth_contact/contact.html",
                "title": "Контакты"
            }, {
                "url": "/oth_feedback/feedback.html",
                "title": "Обратная связь"
            }]
        },
        "breadcrumps": {
            "links": [{
                "title": "Восстановление пароля"
            }]
        },
        "recovery-password": {
            "url": "/recovery-password/error.json",
            "method": "get",
            "capcha": {
                "img-url": "%=staticPrefix=%img/assets/recovery-password/captcha.png",
                "reload-url": "/recovery-password/capcha.json"
            }
        }
    }
}