{
    "success": false,
    "object": "regmaster",
    "fields": {
        "name": "Поле обязательно для заполнения",
        "phone": "Поле обязательно для заполнения",
        "password": "Поле обязательно для заполнения"
    },
    "errorSummary": "<p>Необходимо исправить следующие ошибки:</p><ul><li>Поле обязательно для заполнения</li><li>Поле обязательно для заполнения</li></ul>"
}