{
    "block_main_mainFunction": {
        "countMaster": "1175 Мастеров",
        "url": {
            "findMaster": "/404",
            "order": "/404"
        },
        "catalogs": [
            {
                "url": "/404",
                "title": "Поиск по скидке",
                "icon": "gift"
            },
            {
                "url": "/404",
                "title": "Поиск по видео",
                "icon": "video"
            },
            {
                "url": "/404",
                "title": "Секреты Мастеров",
                "icon": "gift"
            },
            {
                "url": "/404",
                "title": "Каталог фирм",
                "icon": "gift"
            }
        ]
    }
}


