{
    "block_main_catalogs": {
        "is-main-page": true,
        "catalogs": {
            "catalogs": [{
                "url": "/sale_rubrikator/sale_rubrikator.html",
                "title": "Поиск по скидке",
                "icon": "gift"
            }, {
                "url": "/video_rubrika/video_rubrika.html",
                "title": "Поиск по видео",
                "icon": "video"
            }, {
                "url": "/secret_rubrika/secret_rubrika.html",
                "title": "Секреты Мастеров",
                "icon": "qwestion"
            }, {
                "url": "/company_rubrikator/company_rubrikator.html",
                "title": "Каталог фирм",
                "icon": "case"
            }]
        }
    }
}