{
    "block_search_filter": {
        "total": "20",
        "details": [{
            "name": "Пластиковые окна",
            "count": "10",
            "url": "404"
        }, {
            "name": "Потолки",
            "count": "6",
            "url": "404"
        }, {
            "name": "Ремонт квартир",
            "count": "3",
            "url": "404"
        }, {
            "name": "Строительство",
            "count": "1",
            "url": "404"
        }]
    }
}