{
    "page_master_rubrika_empty": {
        "head": {
            "title": "Строительство в Тольятти - FaceMaster.ru."
        },
        "header": {
            "logo-url": "/main/main.html",
            "visitor": "12 456 посещений",
            "menu": [{
                "url": "/master_rubrikator/master_rubrikator.html",
                "title": "КАТАЛОГ УСЛУГ"
            }, {
                "url": "http://facemaster.ru/site/javascript:void(0)",
                "title": "ЗАКАЗАТЬ УСЛУГУ"
            }, {
                "url": "/reg-master/reg-master.html",
                "title": "СТАТЬ МАСТЕРОМ"
            }],
            "auth": false,
            "authData": {
                "name": "Администратор С.Н.",
                "homeUrl": "http://facemaster.ru/home",
                "menuUser": [{
                    "url": "http://facemaster.ru/office",
                    "title": "Офис"
                }, {
                    "url": "http://facemaster.ru/auth/logout",
                    "title": "Выход"
                }]
            },
            "authUrl": "/entry/entry.html",
            "social": {
                "list": [{
                    "url": "http://vk.com/fm_mf",
                    "mod": "vk"
                }, {
                    "url": "http://www.facebook.com/face.mast",
                    "mod": "fb"
                }, {
                    "url": "http://www.odnoklassniki.ru/facemaster",
                    "mod": "ok"
                }, {
                    "url": "http://twitter.com/FacemasterRu",
                    "mod": "tw"
                }]
            }
        },
        "footer": {
            "phone": "(8482) 74-44-19",
            "links": [{
                "url": "/oth_oferta/oth_oferta.html",
                "title": "Оферта"
            }, {
                "url": "/oth_contact/oth_contact.html",
                "title": "Контакты"
            }, {
                "url": "/oth_feedback/oth_feedback.html",
                "title": "Обратная связь"
            }],
            "counters": {
                "type": "гость",
                "login": "гость"
            }
        },
        "breadcrumps": {
            "links": [{
                "title": "Каталог услуг",
                "url": "/master_rubrikator/master_rubrikator.html"
            }, {
                "title": "Строительство",
                "url": "#",
                "links": [{
                    "title": "Бани",
                    "url": "/master_rubrika/master_rubrika.html"
                }, {
                    "title": "Бассейны",
                    "url": "/master_rubrika/master_rubrika.html"
                }, {
                    "title": "Печи и камины",
                    "url": "master_rubrika/master_rubrika.html"
                }, {
                    "title": "Проектирование",
                    "url": "master_rubrika/master_rubrika.html"
                }]
            }, {
                "title": "Строительство"
            }]
        },
        "search": {
            "url": "404",
            "method": "get",
            "modificator": "inner"
        },
        "name": "Строительство",
        "filter": {
            "filter-section": [{
                "url": "",
                "section-name": "masters",
                "title": "Мастера",
                "open-section": {
                    "is-sort": true,
                    "sort-by": {
                        "url": "/master_rubrika/master_rubrika.html",
                        "method": "get"
                    },
                    "is-filter": true,
                    "tags-free": {
                        "tags": [{
                            "url": "/master_rubrika/master_rubrika.html",
                            "title": "Алмазная резка"
                        }, {
                            "url-back": "/master_rubrika/master_rubrika.html",
                            "title": "Брусчатка",
                            "is-active": true
                        }, {
                            "url": "/master_rubrika/master_rubrika.html",
                            "title": "Бурение скважин"
                        }, {
                            "url": "/master_rubrika/master_rubrika.html",
                            "title": "Герметизация швов"
                        }, {
                            "url": "/master_rubrika/master_rubrika.html",
                            "title": "Заливка фундамента"
                        }]
                    },
                    "tags-group": [{
                        "title": "Дома дачи:",
                        "list": {
                            "tags": [{
                                "url": "/master_rubrika/master_rubrika.html",
                                "title": "Алмазная резка"
                            }, {
                                "url-back": "/master_rubrika/master_rubrika.html",
                                "title": "Брусчатка",
                                "is-active": true
                            }, {
                                "url": "/master_rubrika/master_rubrika.html",
                                "title": "Бурение скважин"
                            }, {
                                "url": "/master_rubrika/master_rubrika.html",
                                "title": "Герметизация швов"
                            }, {
                                "url": "/master_rubrika/master_rubrika.html",
                                "title": "Заливка фундамента"
                            }]
                        }
                    }, {
                        "title": "Кровля:",
                        "list": {
                            "tags": [{
                                "url": "/master_rubrika/master_rubrika.html",
                                "title": "Алмазная резка"
                            }, {
                                "url-back": "/master_rubrika/master_rubrika.html",
                                "title": "Брусчатка",
                                "is-active": true
                            }, {
                                "url": "/master_rubrika/master_rubrika.html",
                                "title": "Бурение скважин"
                            }, {
                                "url": "/master_rubrika/master_rubrika.html",
                                "title": "Герметизация швов"
                            }, {
                                "url": "/master_rubrika/master_rubrika.html",
                                "title": "Заливка фундамента"
                            }]
                        }
                    }]
                }
            }, {
                "url": "/master_rubrika_video/master_rubrika_video.html",
                "section-name": "video",
                "title": "Видео Мастеров"
            }, {
                "url": "/master_rubrika_sales/master_rubrika_sales.html",
                "section-name": "sales",
                "title": "Скидки Мастеров"
            }, {
                "url": "/master_rubrika_secret/master_rubrika_secret.html",
                "section-name": "secrets",
                "title": "Секреты Мастеров"
            }]
        },
        "banner_side": {
            "is-banner_side": true,
            "is-url": false,
            "src": "%=staticPrefix=%/img/assets/banner/manner_side.jpg",
            "alt": "Выгодное предложение от газеты Презент",
            "url": ""
        },
        "banner_top": {
            "is-banner_top": true,
            "is-url": false,
            "src_1000": "%=staticPrefix=%/img/assets/banner/manner.jpg",
            "src_750": "%=staticPrefix=%/img/assets/banner/manner_750.jpg",
            "alt": "Выгодное предложение от газеты Презент",
            "url": "404"
        },
        "become_master": {
            "url": "/reg-master/reg-master.html"
        },
        "seotext": {
            "seotext": "Доставка еды в Тольятти достаточно популярная услуга. Сегодня на сайте FaceMaster.ru представлены различные популярные фирмы города Тольятти, они предлагают доставку еды и обслуживание предприятий, офисов, и гостиниц. FaceMaster.ru создал разнообразный выбор фирм по различным направлениям: доставка суши, доставка пиццы, доставка блинов. Организации по доставке еды в Тольятти предоставлены во всем разнообразии и удобстве. Как это работает? Выберите мастера из списка, совершите звонок и расскажите свое местоположение и время доставки. Вы можете выбирать по типу кухни: русская, японская кухня, кавказская, европейская и китайская кухня, также Вы можете выбирать с точки зрения цен и вариантов питания. Заботливые мастера, представленные на портале FaceMaster.ru будут отслеживать ваш заказ от начала до конца , чтобы убедиться , что Ваш заказ будет доставлен вовремя . Они сделают всю работу в то время как Вы получите возможность насладиться едой в комфорте вашего дома или офиса. Наиболее востребованными услгами по доставке являются: доставка суши тольятти и доставка пиццы тольятти"
        }
    }
}