{
    "page_master_rubrika_video": {
        "head": {
            "title": "Строительство в Тольятти - FaceMaster.ru"
        },
        "header": {
            "logo-url": "/main/main.html",
            "visitor": "12 456 посещений",
            "menu": [{
                "url": "/master_rubrikator/master_rubrikator.html",
                "title": "КАТАЛОГ УСЛУГ"
            }, {
                "url": "http://facemaster.ru/site/javascript:void(0)",
                "title": "ЗАКАЗАТЬ УСЛУГУ"
            }, {
                "url": "/reg-master/reg-master.html",
                "title": "СТАТЬ МАСТЕРОМ"
            }],
            "auth": false,
            "authData": {
                "name": "Администратор С.Н.",
                "homeUrl": "http://facemaster.ru/home",
                "menuUser": [{
                    "url": "http://facemaster.ru/office",
                    "title": "Офис"
                }, {
                    "url": "http://facemaster.ru/auth/logout",
                    "title": "Выход"
                }]
            },
            "authUrl": "http://facemaster.ru/auth",
            "social": {
                "list": [{
                    "url": "http://vk.com/fm_mf",
                    "mod": "vk"
                }, {
                    "url": "http://www.facebook.com/face.mast",
                    "mod": "fb"
                }, {
                    "url": "http://www.odnoklassniki.ru/facemaster",
                    "mod": "ok"
                }, {
                    "url": "http://twitter.com/FacemasterRu",
                    "mod": "tw"
                }]
            }
        },
        "footer": {
            "phone": "(8482) 74-44-19",
            "links": [{
                "url": "/oth_oferta/oth_oferta.html",
                "title": "Оферта"
            }, {
                "url": "/oth_contact/oth_contact.html",
                "title": "Контакты"
            }, {
                "url": "/oth_feedback/oth_feedback.html",
                "title": "Обратная связь"
            }]
        },
        "breadcrumps": {
            "links": [{
                "title": "Каталог услуг",
                "url": "/master_rubrikator/master_rubrikator.html"
            }, {
                "title": "Строительство",
                "url": "404",
                "links": [{
                    "title": "Бани",
                    "url": "/master_rubrika/master_rubrika.html"
                }, {
                    "title": "Бассейны",
                    "url": "/master_rubrika/master_rubrika.html"
                }, {
                    "title": "Печи и камины",
                    "url": "master_rubrika/master_rubrika.html"
                }, {
                    "title": "Проектирование",
                    "url": "master_rubrika/master_rubrika.html"
                }]
            }, {
                "title": "Строительство"
            }]
        },
        "search": {
            "url": "404",
            "method": "get",
            "modificator": "inner"
        },
        "name": "Строительство",
        "filter": {
            "filter-section": [{
                "url": "/master_rubrika/master_rubrika.html",
                "section-name": "masters",
                "title": "Мастера"
            }, {
                "url": "/master_rubrika_video/master_rubrika_video.html",
                "section-name": "video",
                "title": "Видео Мастеров",
                "open-section": {
                    "is-sort": false,
                    "is-filter": true,
                    "tags-free": {
                        "tags": [{
                            "url": "/master_rubrika/master_rubrika.html",
                            "title": "Алмазная резка"
                        }, {
                            "url-back": "/master_rubrika/master_rubrika.html",
                            "title": "Брусчатка",
                            "is-active": true
                        }, {
                            "url": "/master_rubrika/master_rubrika.html",
                            "title": "Бурение скважин"
                        }, {
                            "url": "/master_rubrika/master_rubrika.html",
                            "title": "Герметизация швов"
                        }, {
                            "url": "/master_rubrika/master_rubrika.html",
                            "title": "Заливка фундамента"
                        }]
                    },
                    "tags-group": [{
                        "title": "Дома дачи:",
                        "list": {
                            "tags": [{
                                "url": "/master_rubrika/master_rubrika.html",
                                "title": "Алмазная резка"
                            }, {
                                "url-back": "/master_rubrika/master_rubrika.html",
                                "title": "Брусчатка",
                                "is-active": true
                            }, {
                                "url": "/master_rubrika/master_rubrika.html",
                                "title": "Бурение скважин"
                            }, {
                                "url": "/master_rubrika/master_rubrika.html",
                                "title": "Герметизация швов"
                            }, {
                                "url": "/master_rubrika/master_rubrika.html",
                                "title": "Заливка фундамента"
                            }]
                        }
                    }]
                }
            }, {
                "url": "/master_rubrika_sales/master_rubrika_sales.html",
                "section-name": "sales",
                "title": "Скидки Мастеров"
            }, {
                "url": "/master_rubrika_secret/master_rubrika_secret.html",
                "section-name": "secrets",
                "title": "Секреты Мастеров"
            }, {
                "url": "/master_rubrika_company/master_rubrika_company.html",
                "section-name": "company",
                "title": "Компании"
            }]
        },
        "banner_side": {
            "is-banner_side": true,
            "is-url": false,
            "src": "%=staticPrefix=%/img/assets/banner/manner_side.jpg",
            "alt": "Выгодное предложение от газеты Презент",
            "url": ""
        },
        "banner_top": {
            "is-banner_top": true,
            "is-url": false,
            "src_1000": "%=staticPrefix=%/img/assets/banner/manner.jpg",
            "src_750": "%=staticPrefix=%/img/assets/banner/manner_750.jpg",
            "alt": "Выгодное предложение от газеты Презент",
            "url": "404"
        },
        "video": {
            "list": [{
                "src": "%=staticPrefix=%img/assets/video/7098.jpg",
                "title": "Как рассчитать бюджет ремонта квартиры",
                "avtor": "Бабылкина Ирина Чуразмазовна",
                "url": "404"
            }, {
                "src": "%=staticPrefix=%img/assets/video/7098.jpg",
                "title": "В этой заметке отражены основные пункты, о которых важно знать родственникам и друзьям. Тем людям, которые хотят помочь близкому, попавшему в беду по причине злоупотребления алкоголем.",
                "avtor": "Бабылкина Ирина Чуразмазовна",
                "url": "404"
            }, {
                "src": "%=staticPrefix=%img/assets/video/7098.jpg",
                "title": "Как рассчитать бюджет ремонта квартиры",
                "avtor": "Бабылкина Ирина Чуразмазовна",
                "url": "404"
            }, {
                "src": "%=staticPrefix=%img/assets/video/7098.jpg",
                "title": "Как рассчитать бюджет ремонта квартиры",
                "avtor": "Бабылкина Ирина Чуразмазовна",
                "url": "404"
            }]
        },
        "paginator": {
            "is-paginator": true,
            "start": {
                "url": "#"
            },
            "end": {
                "url": "#"
            },
            "list": [{
                "is-selected": true,
                "url": "#",
                "number": "1"
            }, {
                "url": "#",
                "number": "2"
            }, {
                "url": "#",
                "number": "3"
            }, {
                "url": "#",
                "number": "4"
            }, {
                "url": "#",
                "number": "5"
            }]
        }
    }
}