{
    "block_present_competition": {
        "is-vote": false,
        "title": "Знай наших",
        "description": "Многие из нас достигают высот в каком-то рукоделии. Но зачастую эти шедевры становятся достоянием узкого круга родных и знакомых. А мы предлагаем рассказать о своём рукоделии всему городу. Знай наших!",
        "members": [{
            "id": "231",
            "score": "24 голоса",
            "url": "/present_competition/success.json",
            "photos": [{
                "src": "%=staticPrefix=%img/assets/present/work.jpg",
                "name": "Прекрасная работа"
            }, {
                "src": "%=staticPrefix=%img/assets/present/work2.jpg",
                "name": "Прекрасная работа"
            }, {
                "src": "%=staticPrefix=%img/assets/present/work3.jpg",
                "name": "Прекрасная работа"
            }, {
                "src": "%=staticPrefix=%img/assets/present/work4.jpg",
                "name": "Прекрасная работа"
            }]
        }, {
            "id": "235",
            "score": "24 голоса",
            "url": "/present_competition/success.json",
            "photos": [{
                "src": "%=staticPrefix=%img/assets/present/work.jpg",
                "name": "Прекрасная работа"
            }, {
                "src": "%=staticPrefix=%img/assets/present/work2.jpg",
                "name": "Прекрасная работа"
            }, {
                "src": "%=staticPrefix=%img/assets/present/work3.jpg",
                "name": "Прекрасная работа"
            }, {
                "src": "%=staticPrefix=%img/assets/present/work4.jpg",
                "name": "Прекрасная работа"
            }]
        }, {
            "id": "232",
            "score": "24 голоса",
            "url": "/present_competition/success.json",
            "photos": [{
                "src": "%=staticPrefix=%img/assets/present/work.jpg",
                "name": "Прекрасная работа"
            }, {
                "src": "%=staticPrefix=%img/assets/present/work2.jpg",
                "name": "Прекрасная работа"
            }, {
                "src": "%=staticPrefix=%img/assets/present/work3.jpg",
                "name": "Прекрасная работа"
            }, {
                "src": "%=staticPrefix=%img/assets/present/work4.jpg",
                "name": "Прекрасная работа"
            }]
        }, {
            "id": "124",
            "score": "24 голоса",
            "url": "/present_competition/success.json",
            "photos": [{
                "src": "%=staticPrefix=%img/assets/present/work.jpg",
                "name": "Прекрасная работа"
            }, {
                "src": "%=staticPrefix=%img/assets/present/work2.jpg",
                "name": "Прекрасная работа"
            }, {
                "src": "%=staticPrefix=%img/assets/present/work3.jpg",
                "name": "Прекрасная работа"
            }, {
                "src": "%=staticPrefix=%img/assets/present/work4.jpg",
                "name": "Прекрасная работа"
            }]
        }, {
            "id": "543",
            "score": "24 голоса",
            "url": "/present_competition/success.json",
            "photos": [{
                "src": "%=staticPrefix=%img/assets/present/work.jpg",
                "name": "Прекрасная работа"
            }, {
                "src": "%=staticPrefix=%img/assets/present/work2.jpg",
                "name": "Прекрасная работа"
            }, {
                "src": "%=staticPrefix=%img/assets/present/work3.jpg",
                "name": "Прекрасная работа"
            }, {
                "src": "%=staticPrefix=%img/assets/present/work4.jpg",
                "name": "Прекрасная работа"
            }]
        }]
    }
}