{
    "block_master_minicard_premium": {
        "master-photo": {
            "src": "%=staticPrefix=%img/assets/master_minicard/6461.jpg",
            "alt": "alt"
        },
        "phone-btn": {
            "phone": "+7 960 835 06 46",
            "url": "404"
        },
        "master-name": "Хархавкина Евген",
        "specialisation": "Продажа домов под ключ",
        "company": {
            "logo": "%=staticPrefix=%img/assets/master_minicard/1022.png",
            "name": ""
        },
        "service-list": [
            "Проектирование, производство и строительство домов, продажа участков",
            "Дачные дома, загородные дома, дома под ключ, дома и коттеджи.",
            "ЗАБОРЫ из ПРОФЛИСТА. ПЕНСИОНЕРАМ скидка -5%!!!!Ангары× Изготовление металлоконструкций× Навесы×",
            "Пескоструйная обработка металла от ржавчины, старой краски и т. д.",
            "По желанию клиента осуществляется порошковая окраска.",
            "Очистка металла от старой краски, обработка деталей машин"
        ],
        "have-content-icons": "readyBlocksData.block_master_have_content_icons",
        "have-content": {
            "gift": {
                "title": "1000 рублей",
                "desc": "Скидка 1000 рублей на бананы"
            },
            "photo": {
                "count": "25 фотографий",
                "desc": ""
            },
            "video": {
                "url": "404",
                "preview": "%=staticPrefix=%img/assets/master_minicard/video.jpg",
                "desc": "некоторое описание данного видео"
            },
            "comments": {
                "recommendations": "52 рекомендации",
                "comments": "10 отзывов",
                "desc": "Отличный мастер-ломастер!"
            }
        }
    }
}