{
    "block_master_page_sale": {
        "sale-list": [{
            "modificator": "gorizontal",
            "url": "404",
            "title": "ПОДАРОК",
            "pic": "%=staticPrefix=%img/assets/sale/52f16e1697817.jpg",
            "text": "При заказе балкона под ключ-жалюзи в подарок и много лыбок"
        }, {
            "modificator": "gorizontal",
            "url": "404",
            "title": "-1000 рублей",
            "pic": "%=staticPrefix=%img/assets/sale/52f16e1697817.jpg",
            "text": "При заказе балкона под ключ-жалюзи в подарок и много лыбок"
        }]
    }
}