{
    "block_sale_rubrikator": {
        "sale_rubrika_list": [
            {
                "name": "Ремонт, строительство, интерьер",
                "color": "#35b45b", 
                "count": "60",
                "sale-list": [
                    "readyBlocksData.block_sale_sale",
                    "readyBlocksData.block_sale_sale",
                    "readyBlocksData.block_sale_sale",
                    "readyBlocksData.block_sale_sale" 
                ],
                "podrubriks": { 
                    "rubrikator": [
                        {
                            "url": "/sale_rubrika/sale_rubrika.html",
                            "title": "Строительство",
                            "count": "5"
                        },
                        {
                            "url": "/secret_rubrika/secret_rubrika.html",
                            "title": "Интерьер",
                            "count": "11"
                        },
                        {
                            "url": "/secret_rubrika/secret_rubrika.html",
                            "title": "Ремонт квартир, домов",
                            "count": "36"
                        },
                        {
                            "url": "/secret_rubrika/secret_rubrika.html",
                            "title": "Окна, двери, потолки, балконы",
                            "count": "8"
                        }
                    ]
                }
            }
        ]
    }
}
