{
    "block_company_list": {
        "name-rubrika": "Медицинские центры",
        "company-list": [
            {
                "name": "Центр семейного благополучия Мера",
                "logo": {
                    "src": "%=staticPrefix=%img/assets/company_list/logo-1.jpg",
                    "alt": "Центр семейного благополучия Мера"
                },
                "count": {
                    "masters": "4 Мастера",
                    "likes": "1082"                    
                },
                "icons": {
                    "icon_photo": {
                        "url": "404"
                    },
                    "icon_video": {
                        "url": "404"
                    }
                }
            },
            {
                "name": "Центр клинической наркологии",
                "logo": {
                    "src": "%=staticPrefix=%img/assets/company_list/logo-2.jpg",
                    "alt": "Центр клинической наркологии"
                },
                "count": {
                    "masters": "1 Мастер",
                    "likes": "26"                    
                },
                "icons": {
                    "icon_photo": {
                        "url": "404"
                    }
                }
            }, 
            {
                "name": "МЦ Вита",
                "logo": {
                    "src": "%=staticPrefix=%img/assets/company_list/logo-3.jpg",
                    "alt": "МЦ Вита"
                },
                "count": {
                    "masters": "1 Мастер",
                    "likes": "26"                    
                },
                "icons": {
                    "icon_photo": {
                        "url": "404"
                    },
                    "icon_video": {
                        "url": "404"
                    }
                }
            },
            {
                "name": "МЦ Невролог",
                "logo": {
                    "src": "%=staticPrefix=%img/assets/company_list/logo-4.jpg",
                    "alt": "МЦ Невролог"
                },
                "count": {
                    "masters": "1 Мастер",
                    "likes": "3"                    
                }
            }
        ]
    }
}
