{
    "page_present_competition": {
        "head": {
            "title": "Конкурсы газеты \"Презент\" - FaceMaster.ru. Специалисты Тольятти"
        },
        "header": {
            "logo-url": "/main/main.html",
            "visitor": "12 456 посещений",
            "menu": [{
                "url": "/master_rubrikator/master_rubrikator.html",
                "title": "КАТАЛОГ УСЛУГ"
            }, {
                "url": "http://facemaster.ru/site/javascript:void(0)",
                "title": "ЗАКАЗАТЬ УСЛУГУ"
            }, {
                "url": "/reg-master/reg-master.html",
                "title": "СТАТЬ МАСТЕРОМ"
            }],
            "auth": false,
            "authData": {
                "name": "Администратор С.Н.",
                "homeUrl": "http://facemaster.ru/home",
                "menuUser": [{
                    "url": "http://facemaster.ru/office",
                    "title": "Офис"
                }, {
                    "url": "http://facemaster.ru/auth/logout",
                    "title": "Выход"
                }]
            },
            "authUrl": "http://facemaster.ru/auth",
            "social": {
                "list": [{
                    "url": "http://vk.com/fm_mf",
                    "mod": "vk"
                }, {
                    "url": "http://www.facebook.com/face.mast",
                    "mod": "fb"
                }, {
                    "url": "http://www.odnoklassniki.ru/facemaster",
                    "mod": "ok"
                }, {
                    "url": "http://twitter.com/FacemasterRu",
                    "mod": "tw"
                }]
            }
        },
        "footer": {
            "phone": "(8482) 74-44-19",
            "links": [{
                "url": "/oth_oferta/oth_oferta.html",
                "title": "Оферта"
            }, {
                "url": "/oth_contact/oth_contact.html",
                "title": "Контакты"
            }, {
                "url": "/oth_feedback/oth_feedback.html",
                "title": "Обратная связь"
            }]
        },
        "breadcrumps": {
            "links": [{
                "title": "Главная",
                "url": "/main/main.html"
            }, {
                "title": "Конкурсы газеты \"Презент\"",
                "url": "/present_competition_list/present_competition_list.html"
            }, {
                "title": "Знай наших"
            }]
        },
        "competition": {
            "is-vote": false,
            "title": "Знай наших",
            "description": "Многие из нас достигают высот в каком-то рукоделии. Но зачастую эти шедевры становятся достоянием узкого круга родных и знакомых. А мы предлагаем рассказать о своём рукоделии всему городу. Знай наших!",
            "members": [{
                "id": "231",
                "score": "24 голоса",
                "url": "/present_competition/success.json",
                "photos": [{
                    "src": "%=staticPrefix=%img/assets/present/work.jpg",
                    "name": "Прекрасная работа"
                }, {
                    "src": "%=staticPrefix=%img/assets/present/work2.jpg",
                    "name": "Прекрасная работа"
                }, {
                    "src": "%=staticPrefix=%img/assets/present/work3.jpg",
                    "name": "Прекрасная работа"
                }, {
                    "src": "%=staticPrefix=%img/assets/present/work4.jpg",
                    "name": "Прекрасная работа"
                }]
            }, {
                "id": "235",
                "score": "24 голоса",
                "url": "/present_competition/success.json",
                "photos": [{
                    "src": "%=staticPrefix=%img/assets/present/work.jpg",
                    "name": "Прекрасная работа"
                }, {
                    "src": "%=staticPrefix=%img/assets/present/work2.jpg",
                    "name": "Прекрасная работа"
                }, {
                    "src": "%=staticPrefix=%img/assets/present/work3.jpg",
                    "name": "Прекрасная работа"
                }, {
                    "src": "%=staticPrefix=%img/assets/present/work4.jpg",
                    "name": "Прекрасная работа"
                }]
            }, {
                "id": "232",
                "score": "24 голоса",
                "url": "/present_competition/success.json",
                "photos": [{
                    "src": "%=staticPrefix=%img/assets/present/work.jpg",
                    "name": "Прекрасная работа"
                }, {
                    "src": "%=staticPrefix=%img/assets/present/work2.jpg",
                    "name": "Прекрасная работа"
                }, {
                    "src": "%=staticPrefix=%img/assets/present/work3.jpg",
                    "name": "Прекрасная работа"
                }, {
                    "src": "%=staticPrefix=%img/assets/present/work4.jpg",
                    "name": "Прекрасная работа"
                }]
            }, {
                "id": "124",
                "score": "24 голоса",
                "url": "/present_competition/success.json",
                "photos": [{
                    "src": "%=staticPrefix=%img/assets/present/work.jpg",
                    "name": "Прекрасная работа"
                }, {
                    "src": "%=staticPrefix=%img/assets/present/work2.jpg",
                    "name": "Прекрасная работа"
                }, {
                    "src": "%=staticPrefix=%img/assets/present/work3.jpg",
                    "name": "Прекрасная работа"
                }, {
                    "src": "%=staticPrefix=%img/assets/present/work4.jpg",
                    "name": "Прекрасная работа"
                }]
            }, {
                "id": "543",
                "score": "24 голоса",
                "url": "/present_competition/success.json",
                "photos": [{
                    "src": "%=staticPrefix=%img/assets/present/work.jpg",
                    "name": "Прекрасная работа"
                }, {
                    "src": "%=staticPrefix=%img/assets/present/work2.jpg",
                    "name": "Прекрасная работа"
                }, {
                    "src": "%=staticPrefix=%img/assets/present/work3.jpg",
                    "name": "Прекрасная работа"
                }, {
                    "src": "%=staticPrefix=%img/assets/present/work4.jpg",
                    "name": "Прекрасная работа"
                }]
            }]
        }
    }
}