{
    "block_master_have_content_icons": {
        "modificator": "vertical",
        "switch": true,
        "have-content-icons": [{
            "content-type": "gift",
            "url": "404",
            "is-active": false,
            "is-exist": true
        }, {
            "content-type": "photo",
            "url": "404",
            "is-active": false,
            "is-exist": true
        }, {
            "content-type": "video",
            "url": "404",
            "is-active": false,
            "is-exist": true
        }, {
            "content-type": "comments",
            "url": "404",
            "is-active": true,
            "is-exist": true
        }]
    }
}