{
    "block_secret_rubrikator": {
        "rubrikator": [
            {
                "is-active": true,
                "url": "/secret_rubrikator/secret_rubrikator.html",
                "title": "Все"
            },
            {
                "url": "/secret_rubrikator/secret_rubrikator.html",
                "title": "Автоуслуги"
            },
            {
                "url": "/secret_rubrikator/secret_rubrikator.html",
                "title": "Врачи"
            },
            {
                "url": "/secret_rubrikator/secret_rubrikator.html",
                "title": "Доставка"
            },
            {
                "url": "/secret_rubrikator/secret_rubrikator.html",
                "title": "Другие услуги"
            },
            {
                "url": "/secret_rubrikator/secret_rubrikator.html",
                "title": "Интерьер"
            },
            {
                "url": "/secret_rubrikator/secret_rubrikator.html",
                "title": "Красота"
            },
            {
                "url": "/secret_rubrikator/secret_rubrikator.html",
                "title": "Курсы"
            },
            {
                "url": "/secret_rubrikator/secret_rubrikator.html",
                "title": "Недвижимость"
            },
            {
                "url": "/secret_rubrikator/secret_rubrikator.html",
                "title": "Одежда и обувь"
            },
            {
                "url": "/secret_rubrikator/secret_rubrikator.html",
                "title": "Оздоровительные услуги"
            },
            {
                "url": "/secret_rubrikator/secret_rubrikator.html",
                "title": "Окна, балконы, двери, потолки"
            },
            {
                "url": "/secret_rubrikator/secret_rubrikator.html",
                "title": "Организация праздников"
            },
            {
                "url": "/secret_rubrikator/secret_rubrikator.html",
                "title": "Отдых"
            },
            {
                "url": "/secret_rubrikator/secret_rubrikator.html",
                "title": "Персональные консультации"
            },
            {
                "url": "/secret_rubrikator/secret_rubrikator.html",
                "title": "Ремонт квартир, домов"
            },
            {
                "url": "/secret_rubrikator/secret_rubrikator.html",
                "title": "Рестораны, кафе, бары"
            },
            {
                "url": "/secret_rubrikator/secret_rubrikator.html",
                "title": "Ритуальные услуги"
            },
            {
                "url": "/secret_rubrikator/secret_rubrikator.html",
                "title": "Спорт"
            },
            {
                "url": "/secret_rubrikator/secret_rubrikator.html",
                "title": "Строительство"
            },
            {
                "url": "/secret_rubrikator/secret_rubrikator.html",
                "title": "Туризм"
            },
            {
                "url": "/secret_rubrikator/secret_rubrikator.html",
                "title": "Услуги для бизнеса"
            },
            {
                "url": "/secret_rubrikator/secret_rubrikator.html",
                "title": "Установка и ремонт техники"
            }
        ]
    },
    "paginator": "readyBlocksData.paginator"
}