{
    "page_present_competition_list": {
        "head": {
            "title": "Конкурсы газеты \"Презент\" - FaceMaster.ru. Специалисты Тольятти"
        },
        "header": {
            "logo-url": "/main/main.html",
            "visitor": "12 456 посещений",
            "menu": [{
                "url": "/master_rubrikator/master_rubrikator.html",
                "title": "КАТАЛОГ УСЛУГ"
            }, {
                "url": "http://facemaster.ru/site/javascript:void(0)",
                "title": "ЗАКАЗАТЬ УСЛУГУ"
            }, {
                "url": "/reg-master/reg-master.html",
                "title": "СТАТЬ МАСТЕРОМ"
            }],
            "auth": false,
            "authData": {
                "name": "Администратор С.Н.",
                "homeUrl": "http://facemaster.ru/home",
                "menuUser": [{
                    "url": "http://facemaster.ru/office",
                    "title": "Офис"
                }, {
                    "url": "http://facemaster.ru/auth/logout",
                    "title": "Выход"
                }]
            },
            "authUrl": "/entry/entry.html",
            "social": {
                "list": [{
                    "url": "http://vk.com/fm_mf",
                    "mod": "vk"
                }, {
                    "url": "http://www.facebook.com/face.mast",
                    "mod": "fb"
                }, {
                    "url": "http://www.odnoklassniki.ru/facemaster",
                    "mod": "ok"
                }, {
                    "url": "http://twitter.com/FacemasterRu",
                    "mod": "tw"
                }]
            }
        },
        "footer": {
            "phone": "(8482) 74-44-19",
            "links": [{
                "url": "/oth_oferta/oth_oferta.html",
                "title": "Оферта"
            }, {
                "url": "/oth_contact/oth_contact.html",
                "title": "Контакты"
            }, {
                "url": "/oth_feedback/oth_feedback.html",
                "title": "Обратная связь"
            }],
            "counters": {
                "type": "гость",
                "login": "гость"
            }
        },
        "breadcrumps": {
            "links": [{
                "title": "Главная",
                "url": "/main/main.html"
            }, {
                "title": "Конкурсы газеты \"Презент\""
            }]
        },
        "competition_list": {
            "competition_list": [{
                "title": "Знай наших",
                "url": "/404/404.html",
                "record": true,
                "record-end-date": "25.10.2015",
                "voting-start-date": "26.10.2015",
                "voting-end-date": "26.11.2015",
                "members-count": "22 участника",
                "description": "Многие из нас достигают высот в каком-то рукоделии. Но зачастую эти шедевры становятся достоянием узкого круга родных и знакомых. А мы предлагаем рассказать о своём рукоделии всему городу. Знай наших!",
                "competition_works": [{
                    "src": "%=staticPrefix=%img/assets/present/1221.jpg"
                }, {
                    "src": "%=staticPrefix=%img/assets/present/1221.jpg"
                }, {
                    "src": "%=staticPrefix=%img/assets/present/1221.jpg"
                }, {
                    "src": "%=staticPrefix=%img/assets/present/1221.jpg"
                }, {
                    "src": "%=staticPrefix=%img/assets/present/1221.jpg"
                }, {
                    "src": "%=staticPrefix=%img/assets/present/1221.jpg"
                }, {
                    "src": "%=staticPrefix=%img/assets/present/1221.jpg"
                }, {
                    "src": "%=staticPrefix=%img/assets/present/1221.jpg"
                }, {
                    "src": "%=staticPrefix=%img/assets/present/1221.jpg"
                }, {
                    "src": "%=staticPrefix=%img/assets/present/1221.jpg"
                }, {
                    "src": "%=staticPrefix=%img/assets/present/1221.jpg"
                }, {
                    "src": "%=staticPrefix=%img/assets/present/1221.jpg"
                }]
            }, {
                "title": "Дачная кухня",
                "url": "/404/404.html",
                "voting": true,
                "voting-end-date": "26.11.2015",
                "members-count": "22 участника",
                "description": "Многие из нас достигают высот в каком-то рукоделии. Но зачастую эти шедевры становятся достоянием узкого круга родных и знакомых. А мы предлагаем рассказать о своём рукоделии всему городу. Знай наших!"
            }, {
                "title": "Знай наших",
                "url": "/404/404.html",
                "close": true,
                "members-count": "22 участника",
                "description": "Многие из нас достигают высот в каком-то рукоделии. Но зачастую эти шедевры становятся достоянием узкого круга родных и знакомых. А мы предлагаем рассказать о своём рукоделии всему городу. Знай наших!"
            }]
        }
    }
}