{
    "block_master_have_content_icons": {
        "modificator": "vertical",
        "switch": true,
        "have-content-icons": [{
            "content-type": "gift",
            "is-active": false,
            "is-exist": false,
            "hint": "У мастера есть скидки"
        }, {
            "content-type": "photo",
            "url": "404",
            "is-active": true,
            "is-exist": true,
            "hint": "У мастера есть фотографии"
        }, {
            "content-type": "video",
            "is-active": false,
            "is-exist": false,
            "hint": "У мастера есть видео"
        }, {
            "content-type": "comments",
            "url": "404",
            "is-active": false,
            "is-exist": true,
            "hint": "У мастера есть отзывы"
        }]
    }
}