{
    "block_company_minicard": {
        "name": "Центр семейного благополучия Мера",
        "logo": {
            "src": "%=staticPrefix=%img/assets/company_list/logo-1.jpg",
            "alt": "Центр семейного благополучия Мера"
        },
        "count": {
            "masters": "4 Мастера",
            "likes": "1082"
        },
        "icons": {
            "icon_photo": {
                "url": "404"
            },
            "icon_video": {
                "url": "404"
            }
        }
    }
}
