{
    "block_master_page_comment": {
        "form": {
            "method": "get",
            "url": "/master_page/success.json"
        },
        "comments": [{
            "author": "Николай",
            "date": "05.11.2014",
            "time": "22:38",
            "text": "сперва заказал забор,нормально,потом лестницу,отлично.Мне понравилось"
        }, {
            "author": "Николай",
            "date": "05.11.2014",
            "time": "22:38",
            "text": "сперва заказал забор,нормально,потом лестницу,отлично.Мне понравилось"
        }, {
            "author": "Николай",
            "date": "05.11.2014",
            "time": "22:38",
            "text": "сперва заказал забор,нормально,потом лестницу,отлично.Мне понравилось"
        }]
    }
}