{
    "page_sale_rubrikator": {
        "head": {
            "title": "Каталог скидок и подарков Мастеров. FaceMaster.ru."
        },
        "header": {
            "logo-url": "/main/main.html",
            "visitor": "12 456 посещений",
            "menu": [{
                "url": "/master_rubrikator/master_rubrikator.html",
                "title": "КАТАЛОГ УСЛУГ"
            }, {
                "url": "http://facemaster.ru/site/javascript:void(0)",
                "title": "ЗАКАЗАТЬ УСЛУГУ"
            }, {
                "url": "/reg-master/reg-master.html",
                "title": "СТАТЬ МАСТЕРОМ"
            }],
            "auth": false,
            "authData": {
                "name": "Администратор С.Н.",
                "homeUrl": "http://facemaster.ru/home",
                "menuUser": [{
                    "url": "http://facemaster.ru/office",
                    "title": "Офис"
                }, {
                    "url": "http://facemaster.ru/auth/logout",
                    "title": "Выход"
                }]
            },
            "authUrl": "/entry/entry.html",
            "social": {
                "list": [{
                    "url": "http://vk.com/fm_mf",
                    "mod": "vk"
                }, {
                    "url": "http://www.facebook.com/face.mast",
                    "mod": "fb"
                }, {
                    "url": "http://www.odnoklassniki.ru/facemaster",
                    "mod": "ok"
                }, {
                    "url": "http://twitter.com/FacemasterRu",
                    "mod": "tw"
                }]
            }
        },
        "footer": {
            "phone": "(8482) 74-44-19",
            "links": [{
                "url": "/oth_oferta/oth_oferta.html",
                "title": "Оферта"
            }, {
                "url": "/oth_contact/oth_contact.html",
                "title": "Контакты"
            }, {
                "url": "/oth_feedback/oth_feedback.html",
                "title": "Обратная связь"
            }],
            "counters": {
                "type": "гость",
                "login": "гость"
            }
        },
        "breadcrumps": {
            "links": [{
                "title": "Каталог скидок и подарков"
            }]
        },
        "title": "Каталог скидок и подарков",
        "sale": {
            "sale_rubrika_list": [{
                "name": "Ремонт, строительство, интерьер",
                "color": "#35b45b",
                "count": "60",
                "url": "/sale_rubrika/sale_rubrika.html",
                "sale-list": [{
                    "modificator": "vertical",
                    "url": "404",
                    "title": "ПОДАРОК",
                    "pic": "%=staticPrefix=%img/assets/sale/52f16e1697817.jpg",
                    "text": "При заказе балкона под ключ-жалюзи в подарок и много лыбок"
                }, {
                    "modificator": "vertical",
                    "url": "404",
                    "title": "ПОДАРОК",
                    "pic": "%=staticPrefix=%img/assets/sale/52f16e1697817.jpg",
                    "text": "При заказе балкона под ключ-жалюзи в подарок и много лыбок"
                }, {
                    "modificator": "vertical",
                    "url": "404",
                    "title": "ПОДАРОК",
                    "pic": "%=staticPrefix=%img/assets/sale/52f16e1697817.jpg",
                    "text": "При заказе балкона под ключ-жалюзи в подарок и много лыбок"
                }, {
                    "modificator": "vertical",
                    "url": "404",
                    "title": "ПОДАРОК",
                    "pic": "%=staticPrefix=%img/assets/sale/52f16e1697817.jpg",
                    "text": "При заказе балкона под ключ-жалюзи в подарок и много лыбок"
                }],
                "podrubriks": {
                    "rubrikator": [{
                        "url": "/sale_rubrika/sale_rubrika.html",
                        "title": "Строительство",
                        "count": "5"
                    }, {
                        "url": "/secret_rubrika/secret_rubrika.html",
                        "title": "Интерьер",
                        "count": "11"
                    }, {
                        "url": "/secret_rubrika/secret_rubrika.html",
                        "title": "Ремонт квартир, домов",
                        "count": "36"
                    }, {
                        "url": "/secret_rubrika/secret_rubrika.html",
                        "title": "Окна, двери, потолки, балконы",
                        "count": "8"
                    }]
                }
            }, {
                "name": "Здоровье, красота, мода",
                "color": "#b80000",
                "count": "18",
                "url": "/sale_rubrika/sale_rubrika.html",
                "sale-list": [{
                    "modificator": "vertical",
                    "url": "404",
                    "title": "ПОДАРОК",
                    "pic": "%=staticPrefix=%img/assets/sale/52f16e1697817.jpg",
                    "text": "При заказе балкона под ключ-жалюзи в подарок и много лыбок"
                }, {
                    "modificator": "vertical",
                    "url": "404",
                    "title": "ПОДАРОК",
                    "pic": "%=staticPrefix=%img/assets/sale/52f16e1697817.jpg",
                    "text": "При заказе балкона под ключ-жалюзи в подарок и много лыбок"
                }, {
                    "modificator": "vertical",
                    "url": "404",
                    "title": "ПОДАРОК",
                    "pic": "%=staticPrefix=%img/assets/sale/52f16e1697817.jpg",
                    "text": "При заказе балкона под ключ-жалюзи в подарок и много лыбок"
                }, {
                    "modificator": "vertical",
                    "url": "404",
                    "title": "ПОДАРОК",
                    "pic": "%=staticPrefix=%img/assets/sale/52f16e1697817.jpg",
                    "text": "При заказе балкона под ключ-жалюзи в подарок и много лыбок"
                }],
                "podrubriks": {
                    "rubrikator": [{
                        "url": "/sale_rubrika/sale_rubrika.html",
                        "title": "Оздровительные услуги",
                        "count": "5"
                    }, {
                        "url": "/secret_rubrika/secret_rubrika.html",
                        "title": "Красота",
                        "count": "11"
                    }, {
                        "url": "/secret_rubrika/secret_rubrika.html",
                        "title": "Одежда и обувь",
                        "count": "36"
                    }, {
                        "url": "/secret_rubrika/secret_rubrika.html",
                        "title": "Врачи",
                        "count": "8"
                    }]
                }
            }]
        }
    }
}