{
    "page_company_page": {
        "head": {
            "title": "Международное агентство Волжаночка - FaceMaster.ru."
        },
        "header": {
            "logo-url": "/main/main.html",
            "visitor": "12 456 посещений",
            "menu": [{
                "url": "/master_rubrikator/master_rubrikator.html",
                "title": "КАТАЛОГ УСЛУГ"
            }, {
                "url": "http://facemaster.ru/site/javascript:void(0)",
                "title": "ЗАКАЗАТЬ УСЛУГУ"
            }, {
                "url": "/reg-master/reg-master.html",
                "title": "СТАТЬ МАСТЕРОМ"
            }],
            "auth": false,
            "authData": {
                "name": "Администратор С.Н.",
                "homeUrl": "http://facemaster.ru/home",
                "menuUser": [{
                    "url": "http://facemaster.ru/office",
                    "title": "Офис"
                }, {
                    "url": "http://facemaster.ru/auth/logout",
                    "title": "Выход"
                }]
            },
            "authUrl": "/entry/entry.html",
            "social": {
                "list": [{
                    "url": "http://vk.com/fm_mf",
                    "mod": "vk"
                }, {
                    "url": "http://www.facebook.com/face.mast",
                    "mod": "fb"
                }, {
                    "url": "http://www.odnoklassniki.ru/facemaster",
                    "mod": "ok"
                }, {
                    "url": "http://twitter.com/FacemasterRu",
                    "mod": "tw"
                }]
            }
        },
        "footer": {
            "phone": "(8482) 74-44-19",
            "links": [{
                "url": "/oth_oferta/oth_oferta.html",
                "title": "Оферта"
            }, {
                "url": "/oth_contact/oth_contact.html",
                "title": "Контакты"
            }, {
                "url": "/oth_feedback/oth_feedback.html",
                "title": "Обратная связь"
            }],
            "counters": {
                "type": "гость",
                "login": "гость"
            }
        },
        "breadcrumps": {
            "links": [{
                "title": "Каталог компаний",
                "url": "/company_rubrikator/company_rubrikator.html"
            }, {
                "title": "Туризм",
                "url": "/company_rubrika/company_rubrika.html",
                "links": [{
                    "title": "Бани",
                    "url": "/company_rubrika/company_rubrika.html"
                }, {
                    "title": "Туризм",
                    "url": "/master_rubrika/master_rubrika.html"
                }, {
                    "title": "Печи и камины",
                    "url": "/master_rubrika/master_rubrika.html"
                }, {
                    "title": "Проектирование",
                    "url": "/master_rubrika/master_rubrika.html"
                }]
            }, {
                "title": "Международное агентство Волжаночка"
            }]
        },
        "navigation": {
            "prev": {
                "url": "/master_page/master_page.html",
                "name": "Кузменко Владимир Петрович",
                "src": "%=staticPrefix=%img/assets/master_page/5616.jpg"
            },
            "next": {
                "url": "/master_page/master_page.html",
                "name": "Кузменко Владимир Петрович",
                "src": "%=staticPrefix=%img/assets/master_page/5616.jpg"
            }
        },
        "company": {
            "card": {
                "name": "Международное агентство Волжаночка",
                "src": "%=staticPrefix=%img/assets/company_minicard/logo-1.jpg"
            },
            "map": {
                "adress": "ул.70 лет Октября 28Б, оф.316",
                "src": "%=staticPrefix=%img/assets/map/map.png",
                "url": "/404/404.html"
            },
            "menu": {
                "list": [{
                    "position": "servicesPosition",
                    "name": "Услуги",
                    "exist": true,
                    "active": true
                }, {
                    "position": "workPosition",
                    "name": "Условия работы",
                    "exist": true
                }, {
                    "position": "salePosition",
                    "name": "Скидки и подарки",
                    "exist": false
                }, {
                    "position": "aboutPosition",
                    "name": "О себе",
                    "exist": true
                }, {
                    "position": "secretPosition",
                    "name": "Полезно почитать",
                    "exist": true
                }, {
                    "position": "photoPosition",
                    "name": "Фото",
                    "exist": true
                }, {
                    "position": "videoPosition",
                    "name": "Видео",
                    "exist": false
                }, {
                    "position": "linkPosition",
                    "name": "Ссылки",
                    "exist": true
                }, {
                    "position": "recommendPosition",
                    "name": "Отзывы и рекомендации",
                    "exist": true
                }]
            },
            "master_list": {
                "load-url": "/master_rubrika/success.json",
                "method": "get",
                "master_list": [{
                    "is-free": false,
                    "master_minicard": {
                        "master-photo": {
                            "src": "%=staticPrefix=%img/assets/master_minicard/6461.jpg",
                            "alt": "alt"
                        },
                        "phone-btn": {
                            "masterID": "1605",
                            "phone": "+7 960 835 06 46",
                            "url": "404"
                        },
                        "tip": {
                            "text": "Пожалуйста скажите мастеру что нашли его на нашем сайте"
                        },
                        "master-page-url": "/master_page/master_page.html",
                        "master-name": "Хархавкина Евген",
                        "specialisation": "Продажа домов под ключ",
                        "company": {
                            "logo": "%=staticPrefix=%img/assets/master_minicard/1022.png",
                            "name": "Компания Мера"
                        },
                        "service-list": [
                            "Проектирование, производство и строительство домов, продажа участков",
                            "Дачные дома, загородные дома, дома под ключ, дома и коттеджи.",
                            "ЗАБОРЫ из ПРОФЛИСТА. ПЕНСИОНЕРАМ скидка -5%!!!!Ангары× Изготовление металлоконструкций× Навесы×",
                            "Пескоструйная обработка металла от ржавчины, старой краски и т. д.",
                            "По желанию клиента осуществляется порошковая окраска.",
                            "Очистка металла от старой краски, обработка деталей машин"
                        ],
                        "have-content-icons": {
                            "modificator": "vertical",
                            "switch": true,
                            "have-content-icons": [{
                                "content-type": "gift",
                                "url": "404",
                                "is-active": true,
                                "is-exist": true,
                                "hint": "У мастера есть скидки"
                            }, {
                                "content-type": "photo",
                                "url": "404",
                                "is-active": false,
                                "is-exist": false,
                                "hint": "У мастера есть фотографии"
                            }, {
                                "content-type": "video",
                                "url": "404",
                                "is-active": false,
                                "is-exist": false,
                                "hint": "У мастера есть видео"
                            }, {
                                "content-type": "comments",
                                "url": "404",
                                "is-active": false,
                                "is-exist": true,
                                "hint": "У мастера есть отзывы"
                            }]
                        },
                        "have-content": {
                            "gift": {
                                "title": "1000 рублей",
                                "desc": "Скидка 1000 рублей на бананы"
                            },
                            "photo": {
                                "count": "25 фотографий",
                                "desc": ""
                            },
                            "video": {
                                "url": "404",
                                "preview": "%=staticPrefix=%img/assets/master_minicard/video.jpg",
                                "desc": "некоторое описание данного видео"
                            },
                            "comments": {
                                "recommendations": "52 рекомендации",
                                "comments": "10 отзывов",
                                "desc": "Отличный мастер-ломастер!"
                            }
                        }
                    }
                }, {
                    "is-free": false,
                    "master_minicard": {
                        "master-photo": {
                            "src": "%=staticPrefix=%img/assets/master_minicard/6461.jpg",
                            "alt": "alt"
                        },
                        "likes": {
                            "url": "404",
                            "count": "142"
                        },
                        "phone-btn": {
                            "masterID": "1605",
                            "phone": "+7 960 835 06 46",
                            "url": "404"
                        },
                        "tip": {
                            "text": "Пожалуйста скажите мастеру что нашли его на нашем сайте"
                        },
                        "master-page-url": "/master_page/master_page.html",
                        "master-name": "Хархавкина Евген",
                        "specialisation": "Продажа домов под ключ",
                        "company": {
                            "logo": "%=staticPrefix=%img/assets/master_minicard/1022.png",
                            "name": "Компания Мера"
                        },
                        "service-list": [
                            "Проектирование, производство и строительство домов, продажа участков",
                            "Дачные дома, загородные дома, дома под ключ, дома и коттеджи.",
                            "ЗАБОРЫ из ПРОФЛИСТА. ПЕНСИОНЕРАМ скидка -5%!!!!Ангары× Изготовление металлоконструкций× Навесы×",
                            "Пескоструйная обработка металла от ржавчины, старой краски и т. д.",
                            "По желанию клиента осуществляется порошковая окраска.",
                            "Очистка металла от старой краски, обработка деталей машин"
                        ],
                        "have-content-icons": {
                            "modificator": "vertical",
                            "switch": true,
                            "have-content-icons": [{
                                "content-type": "gift",
                                "is-active": false,
                                "is-exist": false,
                                "hint": "У мастера есть скидки"
                            }, {
                                "content-type": "photo",
                                "url": "404",
                                "is-active": true,
                                "is-exist": true,
                                "hint": "У мастера есть фотографии"
                            }, {
                                "content-type": "video",
                                "is-active": false,
                                "is-exist": false,
                                "hint": "У мастера есть видео"
                            }, {
                                "content-type": "comments",
                                "url": "404",
                                "is-active": false,
                                "is-exist": true,
                                "hint": "У мастера есть отзывы"
                            }]
                        },
                        "have-content": {
                            "gift": {
                                "title": "1000 рублей",
                                "desc": "Скидка 1000 рублей на бананы"
                            },
                            "photo": {
                                "count": "25 фотографий",
                                "desc": ""
                            },
                            "video": {
                                "url": "404",
                                "preview": "%=staticPrefix=%img/assets/master_minicard/video.jpg",
                                "desc": "некоторое описание данного видео"
                            },
                            "comments": {
                                "recommendations": "52 рекомендации",
                                "comments": "10 отзывов",
                                "desc": "Отличный мастер-ломастер!"
                            }
                        }
                    }
                }, {
                    "is-free": true,
                    "master_minicard": {
                        "master-photo": {
                            "src": "%=staticPrefix=%img/assets/master_minicard/6461.jpg",
                            "alt": "alt"
                        },
                        "phone-btn": {
                            "masterID": "1605",
                            "phone": "+7 960 835 06 46"
                        },
                        "tip": {
                            "text": "Пожалуйста скажите мастеру что нашли его на нашем сайте"
                        },
                        "master-name": "Хархавкина Евгения",
                        "service-list": [
                            "Проектирование, производство и строительство домов, продажа участков",
                            "Дачные дома, загородные дома, дома под ключ, дома и коттеджи."
                        ]
                    }
                }, {
                    "is-free": true,
                    "master_minicard": {
                        "master-photo": {
                            "src": "%=staticPrefix=%img/assets/master_minicard/6461.jpg",
                            "alt": "alt"
                        },
                        "phone-btn": {
                            "masterID": "1605",
                            "phone": "+7 960 835 06 46"
                        },
                        "tip": {
                            "text": "Пожалуйста скажите мастеру что нашли его на нашем сайте"
                        },
                        "master-name": "Хархавкина Евгения",
                        "service-list": [
                            "Проектирование, производство и строительство домов, продажа участков",
                            "Дачные дома, загородные дома, дома под ключ, дома и коттеджи."
                        ]
                    }
                }, {
                    "is-free": true,
                    "master_minicard": {
                        "master-photo": {
                            "src": "%=staticPrefix=%img/assets/master_minicard/6461.jpg",
                            "alt": "alt"
                        },
                        "phone-btn": {
                            "masterID": "1605",
                            "phone": "+7 960 835 06 46"
                        },
                        "tip": {
                            "text": "Пожалуйста скажите мастеру что нашли его на нашем сайте"
                        },
                        "master-name": "Хархавкина Евгения",
                        "service-list": [
                            "Проектирование, производство и строительство домов, продажа участков",
                            "Дачные дома, загородные дома, дома под ключ, дома и коттеджи."
                        ]
                    }
                }, {
                    "is-free": true,
                    "master_minicard": {
                        "master-photo": {
                            "src": "%=staticPrefix=%img/assets/master_minicard/6461.jpg",
                            "alt": "alt"
                        },
                        "phone-btn": {
                            "masterID": "1605",
                            "phone": "+7 960 835 06 46"
                        },
                        "tip": {
                            "text": "Пожалуйста скажите мастеру что нашли его на нашем сайте"
                        },
                        "master-name": "Хархавкина Евгения",
                        "service-list": [
                            "Проектирование, производство и строительство домов, продажа участков",
                            "Дачные дома, загородные дома, дома под ключ, дома и коттеджи."
                        ]
                    }
                }, {
                    "is-free": true,
                    "master_minicard": {
                        "master-photo": {
                            "src": "%=staticPrefix=%img/assets/master_minicard/6461.jpg",
                            "alt": "alt"
                        },
                        "phone-btn": {
                            "masterID": "1605",
                            "phone": "+7 960 835 06 46"
                        },
                        "tip": {
                            "text": "Пожалуйста скажите мастеру что нашли его на нашем сайте"
                        },
                        "master-name": "Хархавкина Евгения",
                        "service-list": [
                            "Проектирование, производство и строительство домов, продажа участков",
                            "Дачные дома, загородные дома, дома под ключ, дома и коттеджи."
                        ]
                    }
                }, {
                    "is-free": true,
                    "master_minicard": {
                        "master-photo": {
                            "src": "%=staticPrefix=%img/assets/master_minicard/6461.jpg",
                            "alt": "alt"
                        },
                        "phone-btn": {
                            "masterID": "1605",
                            "phone": "+7 960 835 06 46"
                        },
                        "tip": {
                            "text": "Пожалуйста скажите мастеру что нашли его на нашем сайте"
                        },
                        "master-name": "Хархавкина Евгения",
                        "service-list": [
                            "Проектирование, производство и строительство домов, продажа участков",
                            "Дачные дома, загородные дома, дома под ключ, дома и коттеджи."
                        ]
                    }
                }, {
                    "is-free": true,
                    "master_minicard": {
                        "master-photo": {
                            "src": "%=staticPrefix=%img/assets/master_minicard/6461.jpg",
                            "alt": "alt"
                        },
                        "phone-btn": {
                            "masterID": "1605",
                            "phone": "+7 960 835 06 46"
                        },
                        "tip": {
                            "text": "Пожалуйста скажите мастеру что нашли его на нашем сайте"
                        },
                        "master-name": "Хархавкина Евгения",
                        "service-list": [
                            "Проектирование, производство и строительство домов, продажа участков",
                            "Дачные дома, загородные дома, дома под ключ, дома и коттеджи."
                        ]
                    }
                }]
            },
            "about": {
                "text": "Уже 25 лет агентство «Волжаночка» предоставляет услуги БЮРО ПЕРЕВОДОВ, ВИЗОВОГО центра и МЕЖДУНАРОДНОГО БРАЧНОГО агентства."
            },
            "work": {
                "is-always": false,
                "week": [{
                    "is-active": true,
                    "day": "пн",
                    "time-start": "09:00",
                    "time-end": "18:00"
                }, {
                    "day": "вт",
                    "time-start": "09:00",
                    "time-end": "18:00"
                }, {
                    "day": "ср",
                    "time-start": "09:00",
                    "time-end": "18:00"
                }, {
                    "day": "чт",
                    "time-start": "09:00",
                    "time-end": "18:00"
                }, {
                    "day": "пт",
                    "time-start": "09:00",
                    "time-end": "18:00"
                }, {
                    "day": "сб",
                    "time-start": "10:00",
                    "time-end": "15:00"
                }, {
                    "day": "вс"
                }],
                "info": [{
                    "text": "Бесплатно по городу, выезд за город платно"
                }, {
                    "header": "Районы обслуживания:",
                    "text": "все районы города, весь пригород."
                }, {
                    "header": "Условия оплаты:",
                    "text": "предоплата, по факту выполненных работ."
                }, {
                    "header": "Cпособы оплаты:",
                    "text": "наличный, безналичный, оплата через электронные платежные системы, оплата по кредитной/дебетовой карте, оплата через терминалы, банковский перевод, предоставление рассрочки "
                }]
            },
            "photo": {
                "update-url": "/master_page/photos.html",
                "method": "get",
                "album-list": [{
                    "album": {
                        "src": "%=staticPrefix=%img/assets/sale/52f16e1697817.jpg",
                        "name": "Новый альбом",
                        "id": "22"
                    },
                    "photos": [{
                        "src": "%=staticPrefix=%img/assets/master_page/111.jpg",
                        "desc": "фотография"
                    }, {
                        "src": "%=staticPrefix=%img/assets/master_page/112.jpg",
                        "desc": "фотография"
                    }, {
                        "src": "%=staticPrefix=%img/assets/master_page/113.jpg",
                        "desc": "фотография"
                    }, {
                        "src": "%=staticPrefix=%img/assets/master_page/114.jpg",
                        "desc": "фотография"
                    }, {
                        "src": "%=staticPrefix=%img/assets/master_page/115.jpg",
                        "desc": "фотография"
                    }, {
                        "src": "%=staticPrefix=%img/assets/master_page/117.jpg",
                        "desc": "фотография"
                    }]
                }, {
                    "album": {
                        "src": "%=staticPrefix=%img/assets/sale/52f16e1697817.jpg",
                        "name": "Новый альбом",
                        "id": "23"
                    }
                }]
            },
            "video": {
                "video-list": [{
                    "video-url": "https://www.youtube.com/embed/eVeaaxSGw_c",
                    "src": "%=staticPrefix=%img/assets/sale/52f16e1697817.jpg",
                    "title": "Как рассчитать бюджет ремонта квартиры"
                }, {
                    "video-url": "https://www.youtube.com/embed/gdxHkRfI5W0",
                    "src": "%=staticPrefix=%img/assets/sale/52f16e1697817.jpg",
                    "title": "Как рассчитать бюджет ремонта квартиры"
                }]
            }
        }
    }
}