{
    "block_main_dopFunction": {
        "menuMaster": [{
            "url": "/reg-master/reg-master.html",
            "title": "Стать Мастером",
            "icon": true
        }, {
            "url": "/oth_recommendation/oth_recommendation.html",
            "title": "Мастера о сайте"
        }],
        "menuAbout": [{
            "url": "/oth_news/oth_news.html",
            "title": "Новости"
        }, {
            "url": "/oth_vacancy/oth_vacancy.html",
            "title": "Вакансии"
        }],
        "menuBayda": [{
            "url": "/present_competition_list/present_competition_list.html",
            "title": "Конкурсы газеты Презент"
        }, {
            "url": "/404",
            "title": "Маршрутки Тольятти с 01.01.2015"
        }, {
            "url": "/404",
            "title": "Дачные перевозки"
        }, {
            "empty": true
        }]
    }
}