{
    "page_main": {
        "head": {
            "title": "FaceMaster.ru. Специалисты Тольятти"
        },
        "header": {
            "logo-url": "/main/main.html",
            "visitor": "12 456 посещений",
            "menu": [{
                "url": "/master_rubrikator/master_rubrikator.html",
                "title": "КАТАЛОГ УСЛУГ"
            }, {
                "url": "http://facemaster.ru/site/javascript:void(0)",
                "title": "ЗАКАЗАТЬ УСЛУГУ"
            }, {
                "url": "/reg-master/reg-master.html",
                "title": "СТАТЬ МАСТЕРОМ"
            }],
            "auth": false,
            "authData": {
                "name": "Администратор С.Н.",
                "homeUrl": "http://facemaster.ru/home",
                "menuUser": [{
                    "url": "http://facemaster.ru/office",
                    "title": "Офис"
                }, {
                    "url": "http://facemaster.ru/auth/logout",
                    "title": "Выход"
                }]
            },
            "authUrl": "http://facemaster.ru/auth",
            "social": {
                "list": [{
                    "url": "http://vk.com/fm_mf",
                    "mod": "vk"
                }, {
                    "url": "http://www.facebook.com/face.mast",
                    "mod": "fb"
                }, {
                    "url": "http://www.odnoklassniki.ru/facemaster",
                    "mod": "ok"
                }, {
                    "url": "http://twitter.com/FacemasterRu",
                    "mod": "tw"
                }]
            }
        },
        "footer": {
            "phone": "(8482) 74-44-19",
            "links": [{
                "url": "/oth_oferta/oth_oferta.html",
                "title": "Оферта"
            }, {
                "url": "/oth_contact/oth_contact.html",
                "title": "Контакты"
            }, {
                "url": "/oth_feedback/oth_feedback.html",
                "title": "Обратная связь"
            }]
        },
        "dopFunction": {
            "menuMaster": [{
                "url": "/reg-master/reg-master.html",
                "title": "Стать Мастером",
                "icon": true
            }, {
                "url": "/oth_recommendation/oth_recommendation.html",
                "title": "Мастера о сайте"
            }],
            "menuAbout": [{
                "url": "/oth_news/oth_news.html",
                "title": "Новости"
            }, {
                "url": "/oth_vacancy/oth_vacancy.html",
                "title": "Вакансии"
            }],
            "menuBayda": [{
                "url": "/present_competition_list/present_competition_list.html",
                "title": "Конкурсы газеты Презент"
            }, {
                "url": "/404",
                "title": "Маршрутки Тольятти с 01.01.2015"
            }, {
                "url": "/404",
                "title": "Дачные перевозки"
            }, {
                "empty": true
            }]
        },
        "mainFunction": {
            "countMaster": "1175 Мастеров",
            "url": {
                "findMaster": "/master_rubrikator/master_rubrikator.html",
                "callback": "/404",
                "catalog": "/master_rubrikator/master_rubrikator.html"
            },
            "catalogs": {
                "is-main-page": true,
                "catalogs": {
                    "catalogs": [{
                        "url": "/sale_rubrikator/sale_rubrikator.html",
                        "title": "Поиск по скидке",
                        "icon": "gift"
                    }, {
                        "url": "/video_rubrika/video_rubrika.html",
                        "title": "Поиск по видео",
                        "icon": "video"
                    }, {
                        "url": "/secret_rubrika/secret_rubrika.html",
                        "title": "Секреты Мастеров",
                        "icon": "qwestion"
                    }, {
                        "url": "/company_rubrikator/company_rubrikator.html",
                        "title": "Каталог фирм",
                        "icon": "case"
                    }]
                }
            }
        }
    }
}