{
    "page_oht_recommendation": {
        "head": {
            "title": "Мастера о сайте - FaceMaster.ru. Специалисты Тольятти"
        },
        "header": {
            "logo-url": "/main/main.html",
            "visitor": "12 456 посещений",
            "menu": [{
                "url": "/master_rubrikator/master_rubrikator.html",
                "title": "КАТАЛОГ УСЛУГ"
            }, {
                "url": "http://facemaster.ru/site/javascript:void(0)",
                "title": "ЗАКАЗАТЬ УСЛУГУ"
            }, {
                "url": "/reg-master/reg-master.html",
                "title": "СТАТЬ МАСТЕРОМ"
            }],
            "auth": false,
            "authData": {
                "name": "Администратор С.Н.",
                "homeUrl": "http://facemaster.ru/home",
                "menuUser": [{
                    "url": "http://facemaster.ru/office",
                    "title": "Офис"
                }, {
                    "url": "http://facemaster.ru/auth/logout",
                    "title": "Выход"
                }]
            },
            "authUrl": "http://facemaster.ru/auth",
            "social": {
                "list": [{
                    "url": "http://vk.com/fm_mf",
                    "mod": "vk"
                }, {
                    "url": "http://www.facebook.com/face.mast",
                    "mod": "fb"
                }, {
                    "url": "http://www.odnoklassniki.ru/facemaster",
                    "mod": "ok"
                }, {
                    "url": "http://twitter.com/FacemasterRu",
                    "mod": "tw"
                }]
            }
        },
        "footer": {
            "phone": "(8482) 74-44-19",
            "links": [{
                "url": "/oth_oferta/oth_oferta.html",
                "title": "Оферта"
            }, {
                "url": "/oth_contact/oth_contact.html",
                "title": "Контакты"
            }, {
                "url": "/oth_feedback/oth_feedback.html",
                "title": "Обратная связь"
            }]
        },
        "breadcrumps": {
            "links": [{
                "title": "Мастера о сайте"
            }]
        },
        "recommendation": {
            "recommendation": [{
                "src": "%=staticPrefix=%img/assets/other/3780.jpg",
                "title": "Об опыте сотрудничества с FaceMaster рассказывает автоинструктор Андреянова Светлана:",
                "intro": "«Зарегистрирована на FaceMaster больше года. Кто-то однажды мне рассказал о нём по телефону. Подумала, что реклама лишней никогда не бывает, да и цена более чем демократичная. Страницей пользоваться достаточно удобно, всё сделано в доступной форме. Много времени на неё не требуется, что тоже очень важно для и без того загруженного графика делового человека. Можно один раз оформить – и дальше страница сама на тебя работает, привлекает клиентов. Люди звонят время от времени, говорят, что нашли на FaceMaster, прочитали отзывы, статьи, видели мои фотографии. Так что я результатом довольна». перейти на страницу Мастера      ",
                "date": "26 Мая 2015"
            }, {
                "src": "%=staticPrefix=%img/assets/other/3780.jpg",
                "title": "Об опыте сотрудничества с FaceMaster рассказывает специалист по изготовлению мебели Кузнецов Вадим:",
                "intro": "«Зарегистрирована на FaceMaster больше года. Кто-то однажды мне рассказал о нём по телефону. Подумала, что реклама лишней никогда не бывает, да и цена более чем демократичная. Страницей пользоваться достаточно удобно, всё сделано в доступной форме. Много времени на неё не требуется, что тоже очень важно для и без того загруженного графика делового человека. Можно один раз оформить – и дальше страница сама на тебя работает, привлекает клиентов. Люди звонят время от времени, говорят, что нашли на FaceMaster, прочитали отзывы, статьи, видели мои фотографии. Так что я результатом довольна». перейти на страницу Мастера      ",
                "date": "26 Мая 2015"
            }, {
                "src": "%=staticPrefix=%img/assets/other/3780.jpg",
                "title": "Об опыте сотрудничества с FaceMaster рассказывает специалист по ремонту и сборке мебели Cвирякин Сергей:",
                "intro": "«Зарегистрирована на FaceMaster больше года. Кто-то однажды мне рассказал о нём по телефону. Подумала, что реклама лишней никогда не бывает, да и цена более чем демократичная. Страницей пользоваться достаточно удобно, всё сделано в доступной форме. Много времени на неё не требуется, что тоже очень важно для и без того загруженного графика делового человека. Можно один раз оформить – и дальше страница сама на тебя работает, привлекает клиентов. Люди звонят время от времени, говорят, что нашли на FaceMaster, прочитали отзывы, статьи, видели мои фотографии. Так что я результатом довольна». перейти на страницу Мастера      ",
                "date": "26 Мая 2015"
            }]
        },
        "paginator": {
            "is-paginator": true,
            "start": {
                "url": "#"
            },
            "end": {
                "url": "#"
            },
            "list": [{
                "is-selected": true,
                "url": "#",
                "number": "1"
            }, {
                "url": "#",
                "number": "2"
            }, {
                "url": "#",
                "number": "3"
            }, {
                "url": "#",
                "number": "4"
            }, {
                "url": "#",
                "number": "5"
            }]
        }
    }
}