{
    "block_header": {
        "visitor": "12 456 посещений",
        "menu": [
            {
                "url": "http://facemaster.ru/site/allrubriks",
                "title": "КАТАЛОГ УСЛУГ"
            },
            {
                "url": "http://facemaster.ru/site/javascript:void(0)",
                "title": "ЗАКАЗАТЬ УСЛУГУ"
            },
            {
                "url": "http://facemaster.ru/site/reg",
                "title": "СТАТЬ МАСТЕРОМ"
            }
        ],
        "auth": false,
        "authData": {
            "name": "Администратор С.Н.",
            "homeUrl": "http://facemaster.ru/home",
            "menuUser": [
                {
                    "url": "http://facemaster.ru/office",
                    "title": "Офис"
                },
                {
                    "url": "http://facemaster.ru/auth/logout",
                    "title": "Выход"
                }
            ]
        },
        "authUrl": "http://facemaster.ru/auth",
        "social": {
            "list": [
                {
                    "url": "http://vk.com/fm_mf",
                    "mod": "vk"
                },
                {
                    "url": "http://www.facebook.com/face.mast",
                    "mod": "fb"
                },
                {
                    "url": "http://www.odnoklassniki.ru/facemaster",
                    "mod": "ok"
                },
                {
                    "url": "http://twitter.com/FacemasterRu",
                    "mod": "tw"
                }
            ]
        }
    }
}