{
    "block_secret_list": {
        "secrets": [{
            "src": "%=staticPrefix=%img/assets/secret/3705.jpg",
            "title": "Как рассчитать бюджет ремонта квартиры",
            "intro": "Период летних отпусков многие используют для проведения косметического (и не очень) ремонта в квартирах и на дачах. Обычно речь идет о замене плитки и сантехники, переклейке обоев и покраске, замене электропроводки, установке пластиковых окон и т.д. К сожалению, цены на строительные и отделочные материалы растут гораздо быстрее инфляции. ",
            "date": "26 Мая 2015",
            "url": "404"
        }, {
            "src": "%=staticPrefix=%img/assets/secret/3598.jpg",
            "title": "Прочистка канализации в частном доме: практические советы и рекомендации",
            "intro": "Период asdkf asdkfasdjkf hasdkjfh askjfh askjdfhaskdjfh askjdfhsakjdfhsajkdfh sakjdfhk jsadfhakjsdhf ajskdhf akjshfajksdhf kjasdhf akjsdhfkjasdhf kjasdhf kjasdhfa jskhf akjsdfh aksdfhas jkhfaskdjf akjsdfha jkshdfkajsh fjaksdhfajksd hfkjasdfhлетних отпусков многие используют для проведения косметического (и не очень) ремонта в квартирах и на дачах. Обычно речь идет о замене плитки и сантехники, переклейке обоев и покраске, замене электропроводки, установке пластиковых окон и т.д. К сожалению, цены на строительные и отделочные материалы растут гораздо быстрее инфляции. ",
            "date": "26 Мая 2015",
            "url": "404"
        }, {
            "src": "%=staticPrefix=%img/assets/secret/3391.jpg",
            "title": "12 МАРТА 2015. НАЛОГОПЛАТЕЛЬЩИК НА УСН ВПРАВЕ ПРИМЕНЯТЬ НАИМЕНЬШУЮ СТАВКУ, УСТАНОВЛЕННУЮ В СУБЪЕКТЕ РФ",
            "intro": "Период летних отпусков многие используют для проведения косметического (и не очень) ремонта в квартирах и на дачах. Обычно речь идет о замене плитки и сантехники, переклейке обоев и покраске, замене электропроводки, установке пластиковых окон и т.д. К сожалению, цены на строительные и отделочные материалы растут гораздо быстрее инфляции. ",
            "date": "26 Мая 2015",
            "url": "404"
        }]
    }
}