{
    "success": false,
    "object": "recovery-password",
    "capcha_url": "/static/img/assets/recovery-password/captcha_new.png",
    "fields": {
        "login": "Поле обязательно для заполнения",
        "code": "Поле обязательно для заполнения"
    },
    "errorSummary": "<p>Необходимо исправить следующие ошибки:</p><ul><li>Поле обязательно для заполнения</li><li>Поле обязательно для заполнения</li></ul>"
}