{
    "page_master_rubrikator": {
        "head": {
            "title": "Рубрикатор - FaceMaster.ru. Специалисты Тольятти"
        },
        "header": {
            "logo-url": "/main/main.html",
            "visitor": "12 456 посещений",
            "menu": [{
                "url": "/master_rubrikator/master_rubrikator.html",
                "title": "КАТАЛОГ УСЛУГ"
            }, {
                "url": "http://facemaster.ru/site/javascript:void(0)",
                "title": "ЗАКАЗАТЬ УСЛУГУ"
            }, {
                "url": "/reg-master/reg-master.html",
                "title": "СТАТЬ МАСТЕРОМ"
            }],
            "auth": false,
            "authData": {
                "name": "Администратор С.Н.",
                "homeUrl": "http://facemaster.ru/home",
                "menuUser": [{
                    "url": "http://facemaster.ru/office",
                    "title": "Офис"
                }, {
                    "url": "http://facemaster.ru/auth/logout",
                    "title": "Выход"
                }]
            },
            "authUrl": "http://facemaster.ru/auth",
            "social": {
                "list": [{
                    "url": "http://vk.com/fm_mf",
                    "mod": "vk"
                }, {
                    "url": "http://www.facebook.com/face.mast",
                    "mod": "fb"
                }, {
                    "url": "http://www.odnoklassniki.ru/facemaster",
                    "mod": "ok"
                }, {
                    "url": "http://twitter.com/FacemasterRu",
                    "mod": "tw"
                }]
            }
        },
        "footer": {
            "phone": "(8482) 74-44-19",
            "links": [{
                "url": "/oth_oferta/oferta.html",
                "title": "Оферта"
            }, {
                "url": "/404",
                "title": "Обратная ссылка"
            }, {
                "url": "/oth_contact/contact.html",
                "title": "Контакты"
            }, {
                "url": "/oth_feedback/feedback.html",
                "title": "Обратная связь"
            }]
        },
        "breadcrumps": {
            "links": [{
                "title": "Рубрикатор"
            }]
        },
        "rubrikator": {
            "h1": "Рубрикатор",
            "rubriks": [{
                "name": "Строительство",
                "count": "125",
                "color": "#37aae9",
                "podrubriks": [{
                    "title": "Бани",
                    "url": "/master_rubrika/rubrika.html",
                    "count": "9"
                }, {
                    "title": "Бассейны",
                    "url": "/master_rubrika/rubrika.html",
                    "count": "1"
                }, {
                    "title": "Ландшафтный дизайн",
                    "url": "/master_rubrika/rubrika.html",
                    "count": "3"
                }, {
                    "title": "Металлоконструкции",
                    "url": "/master_rubrika/rubrika.html",
                    "count": "28"
                }, {
                    "title": "Печи и камины",
                    "url": "/master_rubrika/rubrika.html",
                    "count": "4"
                }]
            }, {
                "name": "Ремонт квартир, домов",
                "count": "197",
                "color": "#37aae9",
                "podrubriks": [{
                    "title": "Ремонт квартир",
                    "url": "/master_rubrika/rubrika.html",
                    "count": "105"
                }, {
                    "title": "Реставрация ванн",
                    "url": "/master_rubrika/rubrika.html",
                    "count": "6"
                }, {
                    "title": "Сантехники",
                    "url": "/master_rubrika/rubrika.html",
                    "count": "47"
                }, {
                    "title": "Электрики",
                    "url": "/master_rubrika/rubrika.html",
                    "count": "39"
                }]
            }, {
                "name": "Окна, двери, потолки",
                "count": "94",
                "color": "#37aae9",
                "podrubriks": [{
                    "title": "Ремонт квартир",
                    "url": "/master_rubrika/rubrika.html",
                    "count": "105"
                }, {
                    "title": "Реставрация ванн",
                    "url": "/master_rubrika/rubrika.html",
                    "count": "6"
                }, {
                    "title": "Сантехники",
                    "url": "/master_rubrika/rubrika.html",
                    "count": "47"
                }, {
                    "title": "Электрики",
                    "url": "/master_rubrika/rubrika.html",
                    "count": "39"
                }]
            }, {
                "name": "Интерьер",
                "count": "99",
                "color": "#37aae9",
                "podrubriks": [{
                    "title": "Ремонт квартир",
                    "url": "/master_rubrika/rubrika.html",
                    "count": "105"
                }, {
                    "title": "Реставрация ванн",
                    "url": "/master_rubrika/rubrika.html",
                    "count": "6"
                }, {
                    "title": "Сантехники",
                    "url": "/master_rubrika/rubrika.html",
                    "count": "47"
                }, {
                    "title": "Электрики",
                    "url": "/master_rubrika/rubrika.html",
                    "count": "39"
                }]
            }, {
                "name": "Врачи",
                "count": "56",
                "color": "#004d5a",
                "podrubriks": [{
                    "title": "Ремонт квартир",
                    "url": "/master_rubrika/rubrika.html",
                    "count": "105"
                }, {
                    "title": "Реставрация ванн",
                    "url": "/master_rubrika/rubrika.html",
                    "count": "6"
                }, {
                    "title": "Сантехники",
                    "url": "/master_rubrika/rubrika.html",
                    "count": "47"
                }, {
                    "title": "Электрики",
                    "url": "/master_rubrika/rubrika.html",
                    "count": "39"
                }]
            }, {
                "name": "Оздоровительные услуги",
                "count": "14",
                "color": "#004d5a",
                "podrubriks": [{
                    "title": "Ремонт квартир",
                    "url": "/master_rubrika/rubrika.html",
                    "count": "105"
                }, {
                    "title": "Реставрация ванн",
                    "url": "/master_rubrika/rubrika.html",
                    "count": "6"
                }, {
                    "title": "Сантехники",
                    "url": "/master_rubrika/rubrika.html",
                    "count": "47"
                }, {
                    "title": "Электрики",
                    "url": "/master_rubrika/rubrika.html",
                    "count": "39"
                }]
            }, {
                "name": "Спорт",
                "count": "7",
                "color": "#004d5a",
                "podrubriks": [{
                    "title": "Ремонт квартир",
                    "url": "/master_rubrika/rubrika.html",
                    "count": "105"
                }, {
                    "title": "Реставрация ванн",
                    "url": "/master_rubrika/rubrika.html",
                    "count": "6"
                }, {
                    "title": "Сантехники",
                    "url": "/master_rubrika/rubrika.html",
                    "count": "47"
                }, {
                    "title": "Электрики",
                    "url": "/master_rubrika/rubrika.html",
                    "count": "39"
                }]
            }, {
                "name": "Организация праздников",
                "count": "115",
                "color": "#009344",
                "isNewCol": true,
                "podrubriks": [{
                    "title": "Ремонт квартир",
                    "url": "/master_rubrika/rubrika.html",
                    "count": "105"
                }, {
                    "title": "Реставрация ванн",
                    "url": "/master_rubrika/rubrika.html",
                    "count": "6"
                }, {
                    "title": "Сантехники",
                    "url": "/master_rubrika/rubrika.html",
                    "count": "47"
                }, {
                    "title": "Электрики",
                    "url": "/master_rubrika/rubrika.html",
                    "count": "39"
                }]
            }, {
                "name": "Туризм",
                "count": "25",
                "color": "#009344",
                "podrubriks": [{
                    "title": "Ремонт квартир",
                    "url": "/master_rubrika/rubrika.html",
                    "count": "105"
                }, {
                    "title": "Реставрация ванн",
                    "url": "/master_rubrika/rubrika.html",
                    "count": "6"
                }, {
                    "title": "Сантехники",
                    "url": "/master_rubrika/rubrika.html",
                    "count": "47"
                }, {
                    "title": "Электрики",
                    "url": "/master_rubrika/rubrika.html",
                    "count": "39"
                }]
            }, {
                "name": "Отдых",
                "count": "13",
                "color": "#009344",
                "podrubriks": [{
                    "title": "Ремонт квартир",
                    "url": "/master_rubrika/rubrika.html",
                    "count": "105"
                }, {
                    "title": "Реставрация ванн",
                    "url": "/master_rubrika/rubrika.html",
                    "count": "6"
                }, {
                    "title": "Сантехники",
                    "url": "/master_rubrika/rubrika.html",
                    "count": "47"
                }, {
                    "title": "Электрики",
                    "url": "/master_rubrika/rubrika.html",
                    "count": "39"
                }]
            }, {
                "name": "Рестораны, кафе, бары",
                "count": "11",
                "color": "#009344",
                "podrubriks": [{
                    "title": "Ремонт квартир",
                    "url": "/master_rubrika/rubrika.html",
                    "count": "105"
                }, {
                    "title": "Реставрация ванн",
                    "url": "/master_rubrika/rubrika.html",
                    "count": "6"
                }, {
                    "title": "Сантехники",
                    "url": "/master_rubrika/rubrika.html",
                    "count": "47"
                }, {
                    "title": "Электрики",
                    "url": "/master_rubrika/rubrika.html",
                    "count": "39"
                }]
            }, {
                "name": "Услуги для бизнеса",
                "count": "34",
                "color": "#f7931e",
                "podrubriks": [{
                    "title": "Ремонт квартир",
                    "url": "/master_rubrika/rubrika.html",
                    "count": "105"
                }, {
                    "title": "Реставрация ванн",
                    "url": "/master_rubrika/rubrika.html",
                    "count": "6"
                }, {
                    "title": "Сантехники",
                    "url": "/master_rubrika/rubrika.html",
                    "count": "47"
                }, {
                    "title": "Электрики",
                    "url": "/master_rubrika/rubrika.html",
                    "count": "39"
                }]
            }, {
                "name": "Персональные консультации",
                "count": "26",
                "color": "#f7931e",
                "podrubriks": [{
                    "title": "Ремонт квартир",
                    "url": "/master_rubrika/rubrika.html",
                    "count": "105"
                }, {
                    "title": "Реставрация ванн",
                    "url": "/master_rubrika/rubrika.html",
                    "count": "6"
                }, {
                    "title": "Сантехники",
                    "url": "/master_rubrika/rubrika.html",
                    "count": "47"
                }, {
                    "title": "Электрики",
                    "url": "/master_rubrika/rubrika.html",
                    "count": "39"
                }]
            }, {
                "name": "Красота",
                "count": "115",
                "color": "#8dc53e",
                "podrubriks": [{
                    "title": "Ремонт квартир",
                    "url": "/master_rubrika/rubrika.html",
                    "count": "105"
                }, {
                    "title": "Реставрация ванн",
                    "url": "/master_rubrika/rubrika.html",
                    "count": "6"
                }, {
                    "title": "Сантехники",
                    "url": "/master_rubrika/rubrika.html",
                    "count": "47"
                }, {
                    "title": "Электрики",
                    "url": "/master_rubrika/rubrika.html",
                    "count": "39"
                }]
            }, {
                "name": "Одежда и обувь",
                "count": "115",
                "color": "#8dc53e",
                "podrubriks": [{
                    "title": "Ремонт квартир",
                    "url": "/master_rubrika/rubrika.html",
                    "count": "105"
                }, {
                    "title": "Реставрация ванн",
                    "url": "/master_rubrika/rubrika.html",
                    "count": "6"
                }, {
                    "title": "Сантехники",
                    "url": "/master_rubrika/rubrika.html",
                    "count": "47"
                }, {
                    "title": "Электрики",
                    "url": "/master_rubrika/rubrika.html",
                    "count": "39"
                }]
            }, {
                "name": "Установка и ремонт техники",
                "count": "115",
                "color": "#ee4136",
                "isNewCol": true,
                "podrubriks": [{
                    "title": "Ремонт квартир",
                    "url": "/master_rubrika/rubrika.html",
                    "count": "105"
                }, {
                    "title": "Реставрация ванн",
                    "url": "/master_rubrika/rubrika.html",
                    "count": "6"
                }, {
                    "title": "Сантехники",
                    "url": "/master_rubrika/rubrika.html",
                    "count": "47"
                }, {
                    "title": "Электрики",
                    "url": "/master_rubrika/rubrika.html",
                    "count": "39"
                }]
            }, {
                "name": "Автоуслуги",
                "count": "96",
                "color": "#00a79d",
                "podrubriks": [{
                    "title": "Ремонт квартир",
                    "url": "/master_rubrika/rubrika.html",
                    "count": "105"
                }, {
                    "title": "Реставрация ванн",
                    "url": "/master_rubrika/rubrika.html",
                    "count": "6"
                }, {
                    "title": "Сантехники",
                    "url": "/master_rubrika/rubrika.html",
                    "count": "47"
                }, {
                    "title": "Электрики",
                    "url": "/master_rubrika/rubrika.html",
                    "count": "39"
                }]
            }, {
                "name": "Доставка",
                "count": "4",
                "color": "#00a79d",
                "podrubriks": [{
                    "title": "Ремонт квартир",
                    "url": "/master_rubrika/rubrika.html",
                    "count": "105"
                }, {
                    "title": "Реставрация ванн",
                    "url": "/master_rubrika/rubrika.html",
                    "count": "6"
                }, {
                    "title": "Сантехники",
                    "url": "/master_rubrika/rubrika.html",
                    "count": "47"
                }, {
                    "title": "Электрики",
                    "url": "/master_rubrika/rubrika.html",
                    "count": "39"
                }]
            }, {
                "name": "Курсы",
                "count": "33",
                "color": "#7e3e97",
                "podrubriks": [{
                    "title": "Ремонт квартир",
                    "url": "/master_rubrika/rubrika.html",
                    "count": "105"
                }, {
                    "title": "Реставрация ванн",
                    "url": "/master_rubrika/rubrika.html",
                    "count": "6"
                }, {
                    "title": "Сантехники",
                    "url": "/master_rubrika/rubrika.html",
                    "count": "47"
                }, {
                    "title": "Электрики",
                    "url": "/master_rubrika/rubrika.html",
                    "count": "39"
                }]
            }, {
                "name": "Недвижимость",
                "count": "38",
                "color": "#9e1f62",
                "podrubriks": [{
                    "title": "Ремонт квартир",
                    "url": "/master_rubrika/rubrika.html",
                    "count": "105"
                }, {
                    "title": "Реставрация ванн",
                    "url": "/master_rubrika/rubrika.html",
                    "count": "6"
                }, {
                    "title": "Сантехники",
                    "url": "/master_rubrika/rubrika.html",
                    "count": "47"
                }, {
                    "title": "Электрики",
                    "url": "/master_rubrika/rubrika.html",
                    "count": "39"
                }]
            }, {
                "name": "Ритуальные услуги",
                "count": "10",
                "color": "#7e3e97",
                "podrubriks": [{
                    "title": "Ремонт квартир",
                    "url": "/master_rubrika/rubrika.html",
                    "count": "105"
                }, {
                    "title": "Реставрация ванн",
                    "url": "/master_rubrika/rubrika.html",
                    "count": "6"
                }, {
                    "title": "Сантехники",
                    "url": "/master_rubrika/rubrika.html",
                    "count": "47"
                }, {
                    "title": "Электрики",
                    "url": "/master_rubrika/rubrika.html",
                    "count": "39"
                }]
            }, {
                "name": "Другие услуги",
                "count": "37",
                "color": "#6395A7",
                "podrubriks": [{
                    "title": "Ремонт квартир",
                    "url": "/master_rubrika/rubrika.html",
                    "count": "105"
                }, {
                    "title": "Реставрация ванн",
                    "url": "/master_rubrika/rubrika.html",
                    "count": "6"
                }, {
                    "title": "Сантехники",
                    "url": "/master_rubrika/rubrika.html",
                    "count": "47"
                }, {
                    "title": "Электрики",
                    "url": "/master_rubrika/rubrika.html",
                    "count": "39"
                }]
            }],
            "catalogs": {
                "is-main-page": false,
                "catalogs": {
                    "catalogs": [{
                        "url": "/404",
                        "title": "Поиск по скидке",
                        "icon": "gift"
                    }, {
                        "url": "/404",
                        "title": "Поиск по видео",
                        "icon": "video"
                    }, {
                        "url": "/404",
                        "title": "Секреты Мастеров",
                        "icon": "gift"
                    }, {
                        "url": "/company_rubrikator/company_rubrikator.html",
                        "title": "Каталог фирм",
                        "icon": "gift"
                    }]
                }
            }
        }
    }
}