{
    "block_master_list": {
        "master_list": [
            "readyBlocksData.block_master_minicard",
            {
                "is-free": false,
                "master_minicard": {
                    "master-photo": {
                        "src": "%=staticPrefix=%img/assets/master_minicard/6461.jpg",
                        "alt": "alt"
                    },
                    "master-phone": "+7 960 835 06 46",
                    "master-page-url": "404",
                    "master-name": "Хархавкина Евгения",
                    "specialisation": "Продажа домов под ключ",
                    "service-list": [
                        "Проектирование, производство и строительство домов, продажа участков",
                        "Дачные дома, загородные дома, дома под ключ, дома и коттеджи."
                    ],
                    "have-content-icons": "readyBlocksData.block_master_have_content_icons"
                }
            },
            {
                "is-free": false,
                "master_minicard": {
                    "master-photo": {
                        "src": "%=staticPrefix=%img/assets/master_minicard/6461.jpg",
                        "alt": "alt"
                    },
                    "master-phone": "+7 960 835 06 46",
                    "master-page-url": "404",
                    "master-name": "Низамутдинова Елизаветта Константиновна",
                    "specialisation": "Продажа домов под ключ Продажа домов под ключ Продажа домовв",
                    "service-list": [
                        "Проектирование, производство и строительство домов, продажа участков",
                        "Дачные дома, загородные дома, дома под ключ, дома и коттеджи."
                    ],
                    "have-content-icons": "readyBlocksData.block_master_have_content_icons"
                }
            },
            {
                "is-free": false,
                "master_minicard": {
                    "master-photo": {
                        "src": "%=staticPrefix=%img/assets/master_minicard/6461.jpg",
                        "alt": "alt"
                    },
                    "master-phone": "+7 960 835 06 46",
                    "master-page-url": "404",
                    "master-name": "Низамутдинова Елизаветта Константиновна",
                    "specialisation": "Продажа домов под ключ Продажа домов под ключ Продажа домовв",
                    "company":{
                        "logo": "%=staticPrefix=%img/assets/master_minicard/1022.png",
                        "name": ""
                    },
                    "service-list": [
                        "Проектирование, производство и строительство домов, продажа участков",
                        "Дачные дома, загородные дома, дома под ключ, дома и коттеджи."
                    ],
                    "have-content-icons": "readyBlocksData.block_master_have_content_icons"
                }
            },
            {
                "is-free": false,
                "master_minicard": {
                    "master-photo": {
                        "src": "%=staticPrefix=%img/assets/master_minicard/6461.jpg",
                        "alt": "alt"
                    },
                    "master-phone": "+7 960 835 06 46",
                    "master-page-url": "404",
                    "master-name": "Низамутдинова Елизаветта Константиновна",
                    "company":{
                        "logo": "%=staticPrefix=%img/assets/master_minicard/1022.png",
                        "name": ""
                    },
                    "service-list": [
                        "Проектирование, производство и строительство домов, продажа участков",
                        "Дачные дома, загородные дома, дома под ключ, дома и коттеджи."
                    ],
                    "have-content-icons": "readyBlocksData.block_master_have_content_icons"
                }
            },
            {
                "is-free": false,
                "master_minicard": {
                    "master-photo": {
                        "src": "%=staticPrefix=%img/assets/master_minicard/6461.jpg",
                        "alt": "alt"
                    },
                    "master-phone": "+7 960 835 06 46",
                    "master-page-url": "404",
                    "master-name": "Баркин Ян",
                    "company":{
                        "logo": "%=staticPrefix=%img/assets/master_minicard/1022.png",
                        "name": ""
                    },
                    "service-list": [
                        "Проектирование, производство и строительство домов, продажа участков",
                        "Дачные дома, загородные дома, дома под ключ, дома и коттеджи."
                    ],
                    "have-content-icons": "readyBlocksData.block_master_have_content_icons"
                }
            },
            {
                "is-free": false,
                "master_minicard": {
                    "master-photo": {
                        "src": "%=staticPrefix=%img/assets/master_minicard/6461.jpg",
                        "alt": "alt"
                    },
                    "master-phone": "+7 960 835 06 46",
                    "master-page-url": "404",
                    "master-name": "Баркин Ян",
                    "service-list": [
                        "Проектирование, производство и строительство домов, продажа участков",
                        "Дачные дома, загородные дома, дома под ключ, дома и коттеджи."
                    ],
                    "have-content-icons": "readyBlocksData.block_master_have_content_icons"
                }
            },
            {
                "is-free": false,
                "master_minicard": {
                    "master-photo": {
                        "src": "%=staticPrefix=%img/assets/master_minicard/6461.jpg",
                        "alt": "alt"
                    },
                    "master-phone": "+7 960 835 06 46",
                    "master-page-url": "404",
                    "master-name": "Баркин Ян",
                    "company":{
                        "logo": "%=staticPrefix=%img/assets/master_minicard/1022.png",
                        "name": ""
                    },
                    "service-list": [
                        "Проектирование, производство и строительство домов, продажа участков",
                        "Дачные дома, загородные дома, дома под ключ, дома и коттеджи."
                    ],
                    "have-content": {
                        "gift":{
                            "title": "1000 рублей",
                            "desc": "Скидка 1000 рублей на бананы"
                        }
                    },
                    "have-content-icons": "readyBlocksData.block_master_have_content_icons"
                }
            }
        ]
    }
}