{
    "block_master_page_secret": {
        "secret-list": [{
            "modificator": "vertical",
            "all-link": true,
            "src": "%=staticPrefix=%img/assets/secret/3705.jpg",
            "title": "Как рассчитать бюджет ремонта квартиры",
            "avtor": "Бабылкина Ирина Чуразмазовна",
            "url": "404"
        }, {
            "modificator": "vertical",
            "all-link": true,
            "src": "%=staticPrefix=%img/assets/secret/3705.jpg",
            "title": "Как рассчитать бюджет ремонта квартиры",
            "avtor": "Бабылкина Ирина Чуразмазовна",
            "url": "404"
        }]
    }
}