{
    "page_article": {
        "head": {
            "title": "Как цвет интерьера влияет на наше настроение. FaceMaster.ru."
        },
        "header": {
            "logo-url": "/main/main.html",
            "visitor": "12 456 посещений",
            "menu": [{
                "url": "/master_rubrikator/master_rubrikator.html",
                "title": "КАТАЛОГ УСЛУГ"
            }, {
                "url": "http://facemaster.ru/site/javascript:void(0)",
                "title": "ЗАКАЗАТЬ УСЛУГУ"
            }, {
                "url": "/reg-master/reg-master.html",
                "title": "СТАТЬ МАСТЕРОМ"
            }],
            "auth": false,
            "authData": {
                "name": "Администратор С.Н.",
                "homeUrl": "http://facemaster.ru/home",
                "menuUser": [{
                    "url": "http://facemaster.ru/office",
                    "title": "Офис"
                }, {
                    "url": "http://facemaster.ru/auth/logout",
                    "title": "Выход"
                }]
            },
            "authUrl": "/entry/entry.html",
            "social": {
                "list": [{
                    "url": "http://vk.com/fm_mf",
                    "mod": "vk"
                }, {
                    "url": "http://www.facebook.com/face.mast",
                    "mod": "fb"
                }, {
                    "url": "http://www.odnoklassniki.ru/facemaster",
                    "mod": "ok"
                }, {
                    "url": "http://twitter.com/FacemasterRu",
                    "mod": "tw"
                }]
            }
        },
        "footer": {
            "phone": "(8482) 74-44-19",
            "links": [{
                "url": "/oth_oferta/oth_oferta.html",
                "title": "Оферта"
            }, {
                "url": "/oth_contact/oth_contact.html",
                "title": "Контакты"
            }, {
                "url": "/oth_feedback/oth_feedback.html",
                "title": "Обратная связь"
            }],
            "counters": {
                "type": "гость",
                "login": "гость"
            }
        },
        "breadcrumps": {
            "links": [{
                "title": "Новости",
                "url": "404"
            }, {
                "title": "Как цвет интерьера влияет на наше настроение"
            }]
        },
        "arrive_block": {
            "src": "%=staticPrefix=%img/assets/master_page/5616.jpg",
            "name": "Иванова Маргарита",
            "url": "404"
        },
        "article": {
            "title": "Как цвет интерьера влияет на наше настроение",
            "text": "Влияет на психику очень угнетающе и создает ощущение бесперспективности. Но в сочетании с другими цветами – подчеркивает изысканность и чувство стиля владельца дома. Где уместен: в сочетании с другими цветами – в гостиной, в прихожей, в рабочем кабинете. В кухне черный будет смотреться стильно в сочетании с пастельными тонами.Влияет на психику очень угнетающе и создает ощущение бесперспективности. Но в сочетании с другими цветами – подчеркивает изысканность и чувство стиля владельца дома. Где уместен: в сочетании с другими цветами – в гостиной, в прихожей, в рабочем кабинете. В кухне черный будет смотреться стильно в сочетании с пастельными тонами. Влияет на психику очень угнетающе и создает ощущение бесперспективности. Но в сочетании с другими цветами – подчеркивает изысканность и чувство стиля владельца дома. Где уместен: в сочетании с другими цветами – в гостиной, в прихожей, в рабочем кабинете. В кухне черный будет смотреться стильно в сочетании с пастельными тонами. Влияет на психику очень угнетающе и создает ощущение бесперспективности. Но в сочетании с другими цветами – подчеркивает изысканность и чувство стиля владельца дома. Где уместен: в сочетании с другими цветами – в гостиной, в прихожей, в рабочем кабинете. В кухне черный будет смотреться стильно в сочетании с пастельными тонами. Влияет на психику очень угнетающе и создает ощущение бесперспективности. Но в сочетании с другими цветами – подчеркивает изысканность и чувство стиля владельца дома. Где уместен: в сочетании с другими цветами – в гостиной, в прихожей, в рабочем кабинете. В кухне черный будет смотреться стильно в сочетании с пастельными тонами. Влияет на психику очень угнетающе и создает ощущение бесперспективности. Но в сочетании с другими цветами – подчеркивает изысканность и чувство стиля владельца дома. Где уместен: в сочетании с другими цветами – в гостиной, в прихожей, в рабочем кабинете. В кухне черный будет смотреться стильно в сочетании с пастельными тонами. Влияет на психику очень угнетающе и создает ощущение бесперспективности. Но в сочетании с другими цветами – подчеркивает изысканность и чувство стиля владельца дома. Где уместен: в сочетании с другими цветами – в гостиной, в прихожей, в рабочем кабинете. В кухне черный будет смотреться стильно в сочетании с пастельными тонами. Влияет на психику очень угнетающе и создает ощущение бесперспективности. Но в сочетании с другими цветами – подчеркивает изысканность и чувство стиля владельца дома. Где уместен: в сочетании с другими цветами – в гостиной, в прихожей, в рабочем кабинете. В кухне черный будет смотреться стильно в сочетании с пастельными тонами. Влияет на психику очень угнетающе и создает ощущение бесперспективности. Но в сочетании с другими цветами – подчеркивает изысканность и чувство стиля владельца дома. Где уместен: в сочетании с другими цветами – в гостиной, в прихожей, в рабочем кабинете. В кухне черный будет смотреться стильно в сочетании с пастельными тонами. Влияет на психику очень угнетающе и создает ощущение бесперспективности. Но в сочетании с другими цветами – подчеркивает изысканность и чувство стиля владельца дома. Где уместен: в сочетании с другими цветами – в гостиной, в прихожей, в рабочем кабинете. В кухне черный будет смотреться стильно в сочетании с пастельными тонами. Влияет на психику очень угнетающе и создает ощущение бесперспективности. Но в сочетании с другими цветами – подчеркивает изысканность и чувство стиля владельца дома. Где уместен: в сочетании с другими цветами – в гостиной, в прихожей, в рабочем кабинете. В кухне черный будет смотреться стильно в сочетании с пастельными тонами. Влияет на психику очень угнетающе и создает ощущение бесперспективности. Но в сочетании с другими цветами – подчеркивает изысканность и чувство стиля владельца дома. Где уместен: в сочетании с другими цветами – в гостиной, в прихожей, в рабочем кабинете. В кухне черный будет смотреться стильно в сочетании с пастельными тонами."
        }
    }
}