{
    "block_master_page_card": {
        "src": "%=staticPrefix=%img/assets/master_page/5616.jpg",
        "name": "Камельчукова Оксана Васильевна",
        "spec": "Аквагрим,мехенди,тату хной,роспись по ткани(акрил,батик),ремесленные работы",
        "company": {
            "logo": "%=staticPrefix=%img/assets/master_minicard/1022.png",
            "name": "Компания Новая"
        },
        "number": "5616",
        "url-printCard": "404"
    }
}