{
    "block_video_list": {
        "video": [{
            "src": "%=staticPrefix=%img/assets/video/maxresdefault.jpg",
            "title": "Как рассчитать бюджет ремонта квартиры",
            "intro": "Период летних отпусков многие используют для проведения косметического (и не очень) ремонта в квартирах и на дачах. Обычно речь идет о замене плитки и сантехники, переклейке обоев и покраске, замене электропроводки, установке пластиковых окон и т.д. К сожалению, цены на строительные и отделочные материалы растут гораздо быстрее инфляции. ",
            "date": "26 Мая 2015",
            "rubrika": "Строительство",
            "master": {
                "name": "Низамутдинова Маргарита Константиновна",
                "photo": "%=staticPrefix=%img/assets/video/7098.jpg",
                "url": "/master_page/master_page.html"
            }
        }, {
            "src": "%=staticPrefix=%img/assets/video/maxresdefault.jpg",
            "title": "Прочистка канализации в частном доме: практические советы и рекомендации",
            "intro": "Период asdkfоительные и отделочные материалы растут гораздо быстрее инфляции. ",
            "date": "26 Мая 2015",
            "rubrika": "Строительство",
            "master": {
                "name": "Иванова Маргарита",
                "photo": "%=staticPrefix=%img/assets/video/7098.jpg",
                "url": "/master_page/master_page.html"
            }
        }, {
            "src": "%=staticPrefix=%img/assets/video/maxresdefault.jpg",
            "title": "12 МАРТА 2015. НАЛОГОПЛАТЕЛЬЩИК НА УСН ВПРАВЕ ПРИМЕНЯТЬ НАИМЕНЬШУЮ СТАВКУ, УСТАНОВЛЕННУЮ В СУБЪЕКТЕ РФ",
            "intro": "Период летних отпусков многие используют для проведения косметического (и не очень) ремонта в квартирах и на дачах. Обычно речь идет о замене плитки и сантехники, переклейке обоев и покраске, замене электропроводки, установке пластиковых окон и т.д. К сожалению, цены на строительные и отделочные материалы растут гораздо быстрее инфляции. ",
            "date": "26 Мая 2015",
            "rubrika": "Строительство",
            "master": {
                "name": "Иванова Маргарита",
                "photo": "%=staticPrefix=%img/assets/video/7098.jpg",
                "url": "/master_page/master_page.html"
            }
        }]
    }
}