{
    "page_oht_news": {
        "head": {
            "title": "Новости - FaceMaster.ru. Специалисты Тольятти"
        },
        "header": {
            "logo-url": "/main/main.html",
            "visitor": "12 456 посещений",
            "menu": [{
                "url": "/master_rubrikator/master_rubrikator.html",
                "title": "КАТАЛОГ УСЛУГ"
            }, {
                "url": "http://facemaster.ru/site/javascript:void(0)",
                "title": "ЗАКАЗАТЬ УСЛУГУ"
            }, {
                "url": "/reg-master/reg-master.html",
                "title": "СТАТЬ МАСТЕРОМ"
            }],
            "auth": false,
            "authData": {
                "name": "Администратор С.Н.",
                "homeUrl": "http://facemaster.ru/home",
                "menuUser": [{
                    "url": "http://facemaster.ru/office",
                    "title": "Офис"
                }, {
                    "url": "http://facemaster.ru/auth/logout",
                    "title": "Выход"
                }]
            },
            "authUrl": "http://facemaster.ru/auth",
            "social": {
                "list": [{
                    "url": "http://vk.com/fm_mf",
                    "mod": "vk"
                }, {
                    "url": "http://www.facebook.com/face.mast",
                    "mod": "fb"
                }, {
                    "url": "http://www.odnoklassniki.ru/facemaster",
                    "mod": "ok"
                }, {
                    "url": "http://twitter.com/FacemasterRu",
                    "mod": "tw"
                }]
            }
        },
        "footer": {
            "phone": "(8482) 74-44-19",
            "links": [{
                "url": "/oth_oferta/oferta.html",
                "title": "Оферта"
            }, {
                "url": "/oth_contact/contact.html",
                "title": "Контакты"
            }, {
                "url": "/oth_feedback/feedback.html",
                "title": "Обратная связь"
            }]
        },
        "breadcrumps": {
            "links": [{
                "title": "Новости"
            }]
        },
        "news": {
            "news": [{
                "src": "%=staticPrefix=%img/assets/other/3780.jpg",
                "title": "Как рассчитать бюджет ремонта квартиры",
                "intro": "Период летних отпусков многие используют для проведения косметического (и не очень) ремонта в квартирах и на дачах. Обычно речь идет о замене плитки и сантехники, переклейке обоев и покраске, замене электропроводки, установке пластиковых окон и т.д. К сожалению, цены на строительные и отделочные материалы растут гораздо быстрее инфляции. ",
                "date": "26 Мая 2015",
                "url": "404",
                "autor": "Иванова Маргарита"
            }, {
                "src": "%=staticPrefix=%img/assets/other/3779.jpg",
                "title": "Прочистка канализации в частном доме: практические советы и рекомендации",
                "intro": "Период asdkf asdkfasdjkf hasdkjfh askjfh askjdfhaskdjfh askjdfhsakjdfhsajkdfh sakjdfhk jsadfhakjsdhf ajskdhf akjshfajksdhf kjasdhf akjsdhfkjasdhf kjasdhf kjasdhfa jskhf akjsdfh aksdfhas jkhfaskdjf akjsdfha jkshdfkajsh fjaksdhfajksd hfkjasdfhлетних отпусков многие используют для проведения косметического (и не очень) ремонта в квартирах и на дачах. Обычно речь идет о замене плитки и сантехники, переклейке обоев и покраске, замене электропроводки, установке пластиковых окон и т.д. К сожалению, цены на строительные и отделочные материалы растут гораздо быстрее инфляции. ",
                "date": "26 Мая 2015",
                "url": "404",
                "autor": "Иванова Маргарита"
            }, {
                "src": "%=staticPrefix=%img/assets/other/3778.jpg",
                "title": "12 МАРТА 2015. НАЛОГОПЛАТЕЛЬЩИК НА УСН ВПРАВЕ ПРИМЕНЯТЬ НАИМЕНЬШУЮ СТАВКУ, УСТАНОВЛЕННУЮ В СУБЪЕКТЕ РФ",
                "intro": "Период летних отпусков многие используют для проведения косметического (и не очень) ремонта в квартирах и на дачах. Обычно речь идет о замене плитки и сантехники, переклейке обоев и покраске, замене электропроводки, установке пластиковых окон и т.д. К сожалению, цены на строительные и отделочные материалы растут гораздо быстрее инфляции. ",
                "date": "26 Мая 2015",
                "url": "404",
                "autor": "Иванова Маргарита"
            }]
        },
        "paginator": {
            "is-paginator": true,
            "start": {
                "url": "#"
            },
            "end": {
                "url": "#"
            },
            "list": [{
                "is-selected": true,
                "url": "#",
                "number": "1"
            }, {
                "url": "#",
                "number": "2"
            }, {
                "url": "#",
                "number": "3"
            }, {
                "url": "#",
                "number": "4"
            }, {
                "url": "#",
                "number": "5"
            }]
        }
    }
}