{
    "block_present_competition_list": {
        "competition_list": [{
            "title": "Знай наших",
            "url": "/404/404.html",
            "record": true,
            "record-end-date": "25.10.2015",
            "voting-start-date": "26.10.2015",
            "voting-end-date": "26.11.2015",
            "members-count": "22 участника",
            "description": "Многие из нас достигают высот в каком-то рукоделии. Но зачастую эти шедевры становятся достоянием узкого круга родных и знакомых. А мы предлагаем рассказать о своём рукоделии всему городу. Знай наших!",
            "competition_works": [{
                "src": "%=staticPrefix=%img/assets/present/1221.jpg"
            }, {
                "src": "%=staticPrefix=%img/assets/present/1221.jpg"
            }, {
                "src": "%=staticPrefix=%img/assets/present/1221.jpg"
            }, {
                "src": "%=staticPrefix=%img/assets/present/1221.jpg"
            }, {
                "src": "%=staticPrefix=%img/assets/present/1221.jpg"
            }, {
                "src": "%=staticPrefix=%img/assets/present/1221.jpg"
            }, {
                "src": "%=staticPrefix=%img/assets/present/1221.jpg"
            }, {
                "src": "%=staticPrefix=%img/assets/present/1221.jpg"
            }, {
                "src": "%=staticPrefix=%img/assets/present/1221.jpg"
            }, {
                "src": "%=staticPrefix=%img/assets/present/1221.jpg"
            }, {
                "src": "%=staticPrefix=%img/assets/present/1221.jpg"
            }, {
                "src": "%=staticPrefix=%img/assets/present/1221.jpg"
            }]
        }, {
            "title": "Дачная кухня",
            "url": "/404/404.html",
            "voting": true,
            "voting-end-date": "26.11.2015",
            "members-count": "22 участника",
            "description": "Многие из нас достигают высот в каком-то рукоделии. Но зачастую эти шедевры становятся достоянием узкого круга родных и знакомых. А мы предлагаем рассказать о своём рукоделии всему городу. Знай наших!"
        }, {
            "title": "Знай наших",
            "url": "/404/404.html",
            "close": true,
            "members-count": "22 участника",
            "description": "Многие из нас достигают высот в каком-то рукоделии. Но зачастую эти шедевры становятся достоянием узкого круга родных и знакомых. А мы предлагаем рассказать о своём рукоделии всему городу. Знай наших!"
        }]
    }
}