{
    "block_master_list": {
        "master_list": [
            "readyBlocksData.block_master_minicard",
            {
                "is-free": true,
                "master_minicard": "readyBlocksData.block_master_minicard_free"
            },
            {
                "is-free": false,
                "master_minicard": {
                    "master-photo": {
                        "src": "%=staticPrefix=%img/assets/master_minicard/6461.jpg",
                        "alt": "alt"
                    },
                    "master-phone": "+7 960 835 06 46",
                    "master-page-url": "404",
                    "master-name": "Хархавкина Евгения",
                    "specialisation": "Продажа домов под ключ",
                    "company": {
                        "logo": "%=staticPrefix=%img/assets/master_minicard/1022.png",
                        "name": "Центр семейного благополучия МеРа"
                    },
                    "service-list": [
                        "Проектирование, производство и строительство домов, продажа участков",
                        "Дачные дома, загородные дома, дома под ключ, дома и коттеджи."
                    ],
                    "have-content-icons": "readyBlocksData.block_master_have_content_icons",
                    "have-content": {
                        "comments": {
                            "recommendations": "5 рекомендаций",
                            "comments": "10 отзывов",
                            "desc": "ванная объедененная с перепланировкой"
                        }
                    }
                }
            }
        ]
    }
}