{
    "block_main_catalogs_inner": {
        "catalogs": [
            {
                "url": "/404",
                "title": "Поиск по скидке",
                "icon": "gift"
            },
            {
                "url": "/404",
                "title": "Поиск по видео",
                "icon": "video"
            },
            {
                "url": "/404",
                "title": "Секреты Мастеров",
                "icon": "gift"
            },
            {
                "url": "/company_rubrikator/company_rubrikator.html",
                "title": "Каталог фирм",
                "icon": "gift"
            }
        ]
    }
}
