{
    "block_master_page_work": {
        "is-always": false,
        "week": [{
            "is-active": true,
            "day": "пн",
            "time-start": "09:00",
            "time-end": "18:00"
        }, {
            "day": "вт",
            "time-start": "09:00",
            "time-end": "18:00"
        }, {
            "day": "ср",
            "time-start": "09:00",
            "time-end": "18:00"
        }, {
            "day": "чт",
            "time-start": "09:00",
            "time-end": "18:00"
        }, {
            "day": "пт",
            "time-start": "09:00",
            "time-end": "18:00"
        }, {
            "day": "сб",
            "time-start": "10:00",
            "time-end": "15:00"
        }, {
            "day": "вс"
        }],
        "info": [{
            "text": "Бесплатно по городу, выезд за город платно"
        }, {
            "header": "Районы обслуживания:",
            "text": "все районы города, весь пригород."
        }, {
            "header": "Условия оплаты:",
            "text": "предоплата, по факту выполненных работ."
        }, {
            "header": "Cпособы оплаты:",
            "text": "наличный, безналичный, оплата через электронные платежные системы, оплата по кредитной/дебетовой карте, оплата через терминалы, банковский перевод, предоставление рассрочки "
        }]
    }
}