{
    "page_sale_rubrika": {
        "head": {
            "title": "Каталог скидок и подарков Мастеров. FaceMaster.ru."
        },
        "header": {
            "logo-url": "/main/main.html",
            "visitor": "12 456 посещений",
            "menu": [{
                "url": "/master_rubrikator/master_rubrikator.html",
                "title": "КАТАЛОГ УСЛУГ"
            }, {
                "url": "http://facemaster.ru/site/javascript:void(0)",
                "title": "ЗАКАЗАТЬ УСЛУГУ"
            }, {
                "url": "/reg-master/reg-master.html",
                "title": "СТАТЬ МАСТЕРОМ"
            }],
            "auth": false,
            "authData": {
                "name": "Администратор С.Н.",
                "homeUrl": "http://facemaster.ru/home",
                "menuUser": [{
                    "url": "http://facemaster.ru/office",
                    "title": "Офис"
                }, {
                    "url": "http://facemaster.ru/auth/logout",
                    "title": "Выход"
                }]
            },
            "authUrl": "http://facemaster.ru/auth",
            "social": {
                "list": [{
                    "url": "http://vk.com/fm_mf",
                    "mod": "vk"
                }, {
                    "url": "http://www.facebook.com/face.mast",
                    "mod": "fb"
                }, {
                    "url": "http://www.odnoklassniki.ru/facemaster",
                    "mod": "ok"
                }, {
                    "url": "http://twitter.com/FacemasterRu",
                    "mod": "tw"
                }]
            }
        },
        "footer": {
            "phone": "(8482) 74-44-19",
            "links": [{
                "url": "/oth_oferta/oferta.html",
                "title": "Оферта"
            }, {
                "url": "/oth_contact/contact.html",
                "title": "Контакты"
            }, {
                "url": "/oth_feedback/feedback.html",
                "title": "Обратная связь"
            }]
        },
        "breadcrumps": {
            "links": [{
                "title": "Каталог скидок и подарков",
                "url": "/sale_rubrikator/sale_rubrikator.html"
            }, {
                "title": "Ремонт, строительство, интерьер"
            }]
        },
        "title": "Каталог скидок и подарков",
        "sale": {
            "sale_rubrika_list": [{
                "name": "Ремонт, строительство, интерьер",
                "color": "#35b45b",
                "count": "60",
                "is-one-rubrika": true,
                "url": "/sale_rubrika/sale_rubrika.html",
                "sale-list": [{
                    "modificator": "vertical",
                    "url": "404",
                    "title": "ПОДАРОК",
                    "pic": "%=staticPrefix=%img/assets/sale/52f16e1697817.jpg",
                    "text": "При заказе балкона под ключ-жалюзи в подарок и много лыбок"
                }, {
                    "modificator": "vertical",
                    "url": "404",
                    "title": "ПОДАРОК",
                    "pic": "%=staticPrefix=%img/assets/sale/52f16e1697817.jpg",
                    "text": "При заказе балкона под ключ-жалюзи в подарок и много лыбок"
                }, {
                    "modificator": "vertical",
                    "url": "404",
                    "title": "ПОДАРОК",
                    "pic": "%=staticPrefix=%img/assets/sale/52f16e1697817.jpg",
                    "text": "При заказе балкона под ключ-жалюзи в подарок и много лыбок"
                }, {
                    "modificator": "vertical",
                    "url": "404",
                    "title": "ПОДАРОК",
                    "pic": "%=staticPrefix=%img/assets/sale/52f16e1697817.jpg",
                    "text": "При заказе балкона под ключ-жалюзи в подарок и много лыбок"
                }, {
                    "modificator": "vertical",
                    "url": "404",
                    "title": "ПОДАРОК",
                    "pic": "%=staticPrefix=%img/assets/sale/52f16e1697817.jpg",
                    "text": "При заказе балкона под ключ-жалюзи в подарок и много лыбок"
                }, {
                    "modificator": "vertical",
                    "url": "404",
                    "title": "ПОДАРОК",
                    "pic": "%=staticPrefix=%img/assets/sale/52f16e1697817.jpg",
                    "text": "При заказе балкона под ключ-жалюзи в подарок и много лыбок"
                }, {
                    "modificator": "vertical",
                    "url": "404",
                    "title": "ПОДАРОК",
                    "pic": "%=staticPrefix=%img/assets/sale/52f16e1697817.jpg",
                    "text": "При заказе балкона под ключ-жалюзи в подарок и много лыбок"
                }, {
                    "modificator": "vertical",
                    "url": "404",
                    "title": "ПОДАРОК",
                    "pic": "%=staticPrefix=%img/assets/sale/52f16e1697817.jpg",
                    "text": "При заказе балкона под ключ-жалюзи в подарок и много лыбок"
                }, {
                    "modificator": "vertical",
                    "url": "404",
                    "title": "ПОДАРОК",
                    "pic": "%=staticPrefix=%img/assets/sale/52f16e1697817.jpg",
                    "text": "При заказе балкона под ключ-жалюзи в подарок и много лыбок"
                }],
                "podrubriks": {
                    "rubrikator": [{
                        "url": "/sale_rubrika/sale_rubrika.html",
                        "title": "Строительство",
                        "count": "5"
                    }, {
                        "url": "/sale_rubrika/sale_rubrika.html",
                        "title": "Интерьер",
                        "count": "11"
                    }, {
                        "url": "/sale_rubrika/sale_rubrika.html",
                        "title": "Ремонт квартир, домов",
                        "count": "36",
                        "inner-list": [{
                            "url": "/sale_rubrika/sale_rubrika.html",
                            "title": "Ремонт квартир",
                            "count": "11"
                        }, {
                            "url": "/sale_rubrika/sale_rubrika.html",
                            "title": "Сантехники",
                            "count": "7"
                        }, {
                            "url": "/sale_rubrika/sale_rubrika.html",
                            "title": "Электрики",
                            "count": "16"
                        }]
                    }, {
                        "url": "/sale_rubrika/sale_rubrika.html",
                        "title": "Окна, двери, потолки, балконы",
                        "count": "8"
                    }]
                },
                "paginator": {
                    "is-paginator": true,
                    "start": {
                        "url": "#"
                    },
                    "end": {
                        "url": "#"
                    },
                    "list": [{
                        "is-selected": true,
                        "url": "#",
                        "number": "1"
                    }, {
                        "url": "#",
                        "number": "2"
                    }, {
                        "url": "#",
                        "number": "3"
                    }, {
                        "url": "#",
                        "number": "4"
                    }, {
                        "url": "#",
                        "number": "5"
                    }]
                }
            }]
        }
    }
}