{
    "block_secret": {
        "src": "%=staticPrefix=%img/assets/secret/3705.jpg",
        "title": "Как рассчитать бюджет ремонта квартиры",
        "intro": "Период летних отпусков многие используют для проведения косметического (и не очень) ремонта в квартирах и на дачах. Обычно речь идет о замене плитки и сантехники, переклейке обоев и покраске, замене электропроводки, установке пластиковых окон и т.д. К сожалению, цены на строительные и отделочные материалы растут гораздо быстрее инфляции. ",
        "date": "26 Мая 2015",
        "avtor": "Бабылкина Ирина Чуразмазовна",
        "url": "404"
    }
}