{
    "page_company_rubrika": {
        "head": {
            "title": "Медицинские центры. FaceMaster.ru."
        },
        "header": {
            "logo-url": "/main/main.html",
            "visitor": "12 456 посещений",
            "menu": [{
                "url": "/master_rubrikator/master_rubrikator.html",
                "title": "КАТАЛОГ УСЛУГ"
            }, {
                "url": "http://facemaster.ru/site/javascript:void(0)",
                "title": "ЗАКАЗАТЬ УСЛУГУ"
            }, {
                "url": "/reg-master/reg-master.html",
                "title": "СТАТЬ МАСТЕРОМ"
            }],
            "auth": false,
            "authData": {
                "name": "Администратор С.Н.",
                "homeUrl": "http://facemaster.ru/home",
                "menuUser": [{
                    "url": "http://facemaster.ru/office",
                    "title": "Офис"
                }, {
                    "url": "http://facemaster.ru/auth/logout",
                    "title": "Выход"
                }]
            },
            "authUrl": "http://facemaster.ru/auth",
            "social": {
                "list": [{
                    "url": "http://vk.com/fm_mf",
                    "mod": "vk"
                }, {
                    "url": "http://www.facebook.com/face.mast",
                    "mod": "fb"
                }, {
                    "url": "http://www.odnoklassniki.ru/facemaster",
                    "mod": "ok"
                }, {
                    "url": "http://twitter.com/FacemasterRu",
                    "mod": "tw"
                }]
            }
        },
        "footer": {
            "phone": "(8482) 74-44-19",
            "links": [{
                "url": "/oth_oferta/oth_oferta.html",
                "title": "Оферта"
            }, {
                "url": "/oth_contact/oth_contact.html",
                "title": "Контакты"
            }, {
                "url": "/oth_feedback/oth_feedback.html",
                "title": "Обратная связь"
            }]
        },
        "breadcrumps": {
            "links": [{
                "title": "Каталог компаний",
                "url": "/company_rubrikator/company_rubrikator.html"
            }, {
                "title": "Медицина",
                "url": "/company_rubrikator/company_rubrikator.html",
                "links": [{
                    "title": "Врачи",
                    "url": "/company_rubrika/company_rubrika.html"
                }, {
                    "title": "Врачи",
                    "url": "/company_rubrika/company_rubrika.html"
                }]
            }, {
                "title": "Медицинские центры"
            }]
        },
        "name-rubrika": "Медицинские центры",
        "company": {
            "list": [{
                "url": "/company_page/company_page.html",
                "name": "Центр семейного благополучия Мера",
                "logo": {
                    "src": "%=staticPrefix=%img/assets/company_minicard/logo-1.jpg",
                    "alt": "Центр семейного благополучия Мера"
                },
                "count": {
                    "masters": "4 Мастера",
                    "likes": "1082"
                },
                "icons": {
                    "modificator": "gorizontal",
                    "have-content-icons": [{
                        "content-type": "gift",
                        "is-exist": true
                    }, {
                        "content-type": "photo",
                        "is-exist": true
                    }, {
                        "content-type": "video",
                        "is-exist": true
                    }]
                }
            }, {
                "url": "/company_page/company_page.html",
                "name": "Центр клинической наркологии",
                "logo": {
                    "src": "%=staticPrefix=%img/assets/company_minicard/logo-2.jpg",
                    "alt": "Центр клинической наркологии"
                },
                "count": {
                    "masters": "1 Мастер",
                    "likes": "26"
                },
                "icons": {
                    "modificator": "gorizontal",
                    "have-content-icons": [{
                        "content-type": "gift",
                        "is-exist": false
                    }, {
                        "content-type": "photo",
                        "is-exist": true
                    }, {
                        "content-type": "video",
                        "is-exist": true
                    }]
                }
            }, {
                "url": "/company_page/company_page.html",
                "name": "МЦ Вита",
                "logo": {
                    "src": "%=staticPrefix=%img/assets/company_minicard/logo-3.jpg",
                    "alt": "МЦ Вита"
                },
                "count": {
                    "masters": "1 Мастер",
                    "likes": "26"
                },
                "icons": {
                    "modificator": "gorizontal",
                    "have-content-icons": [{
                        "content-type": "gift",
                        "is-exist": false
                    }, {
                        "content-type": "photo",
                        "is-exist": true
                    }, {
                        "content-type": "video",
                        "is-exist": false
                    }]
                }
            }, {
                "url": "/company_page/company_page.html",
                "name": "МЦ Невролог",
                "logo": {
                    "src": "%=staticPrefix=%img/assets/company_minicard/logo-4.jpg",
                    "alt": "МЦ Невролог"
                },
                "count": {
                    "masters": "1 Мастер",
                    "likes": "3"
                },
                "icons": {
                    "modificator": "gorizontal",
                    "have-content-icons": [{
                        "content-type": "gift",
                        "is-exist": false
                    }, {
                        "content-type": "photo",
                        "is-exist": false
                    }, {
                        "content-type": "video",
                        "is-exist": false
                    }]
                }
            }]
        }
    }
}